1.477092087000000000e+09,3.028314522000000153e+01,-9.773774400000000639e+01,nan
1.477092087000000000e+09,3.028314522000000153e+01,-9.773774400000000639e+01,nan
1.477092087000000000e+09,3.028314522000000153e+01,-9.773774400000000639e+01,nan
1.477092087000000000e+09,3.028314522000000153e+01,-9.773774400000000639e+01,nan
1.477092087000000000e+09,3.028314522000000153e+01,-9.773774400000000639e+01,nan
1.477092087000000000e+09,3.028314522000000153e+01,-9.773774400000000639e+01,nan
1.477092093000000000e+09,3.028274121000000108e+01,-9.773752455999999711e+01,nan
1.477092093000000000e+09,3.028274121000000108e+01,-9.773752455999999711e+01,nan
1.477092093000000000e+09,3.028274121000000108e+01,-9.773752455999999711e+01,nan
1.477092093000000000e+09,3.028274121000000108e+01,-9.773752455999999711e+01,nan
1.477092093000000000e+09,3.028274121000000108e+01,-9.773752455999999711e+01,nan
1.477092093000000000e+09,3.028274121000000108e+01,-9.773752455999999711e+01,nan
1.477092093000000000e+09,3.028274121000000108e+01,-9.773752455999999711e+01,nan
1.477092100000000000e+09,3.028338202000000123e+01,-9.773752761999999450e+01,nan
1.477092100000000000e+09,3.028338202000000123e+01,-9.773752761999999450e+01,nan
1.477092100000000000e+09,3.028338202000000123e+01,-9.773752761999999450e+01,nan
1.477092100000000000e+09,3.028338202000000123e+01,-9.773752761999999450e+01,nan
1.477092100000000000e+09,3.028338202000000123e+01,-9.773752761999999450e+01,nan
1.477092100000000000e+09,3.028338202000000123e+01,-9.773752761999999450e+01,nan
1.477092100000000000e+09,3.028338202000000123e+01,-9.773752761999999450e+01,nan
1.477092107000000000e+09,3.028342994999999860e+01,-9.773744238999999823e+01,nan
1.477092107000000000e+09,3.028342994999999860e+01,-9.773744238999999823e+01,nan
1.477092107000000000e+09,3.028342994999999860e+01,-9.773744238999999823e+01,nan
1.477092107000000000e+09,3.028342994999999860e+01,-9.773744238999999823e+01,nan
1.477092107000000000e+09,3.028342994999999860e+01,-9.773744238999999823e+01,nan
1.477092107000000000e+09,3.028342994999999860e+01,-9.773744238999999823e+01,nan
1.477092113000000000e+09,3.028334392000000008e+01,-9.773772877000000392e+01,nan
1.477092113000000000e+09,3.028334392000000008e+01,-9.773772877000000392e+01,nan
1.477092113000000000e+09,3.028334392000000008e+01,-9.773772877000000392e+01,nan
1.477092113000000000e+09,3.028334392000000008e+01,-9.773772877000000392e+01,nan
1.477092113000000000e+09,3.028334392000000008e+01,-9.773772877000000392e+01,nan
1.477092113000000000e+09,3.028334392000000008e+01,-9.773772877000000392e+01,nan
1.477092119000000000e+09,3.028342075999999850e+01,-9.773756661000000179e+01,nan
1.477092119000000000e+09,3.028342075999999850e+01,-9.773756661000000179e+01,nan
1.477092119000000000e+09,3.028342075999999850e+01,-9.773756661000000179e+01,nan
1.477092119000000000e+09,3.028342075999999850e+01,-9.773756661000000179e+01,nan
1.477092119000000000e+09,3.028342075999999850e+01,-9.773756661000000179e+01,nan
1.477092119000000000e+09,3.028342075999999850e+01,-9.773756661000000179e+01,nan
1.477092119000000000e+09,3.028342075999999850e+01,-9.773756661000000179e+01,nan
1.477092126000000000e+09,3.028358307999999965e+01,-9.773770738000000335e+01,nan
1.477092126000000000e+09,3.028358307999999965e+01,-9.773770738000000335e+01,nan
1.477092126000000000e+09,3.028358307999999965e+01,-9.773770738000000335e+01,nan
1.477092126000000000e+09,3.028358307999999965e+01,-9.773770738000000335e+01,nan
1.477092126000000000e+09,3.028358307999999965e+01,-9.773770738000000335e+01,nan
1.477092126000000000e+09,3.028358307999999965e+01,-9.773770738000000335e+01,nan
1.477092132000000000e+09,3.028360976000000093e+01,-9.773746187000000418e+01,nan
1.477092132000000000e+09,3.028360976000000093e+01,-9.773746187000000418e+01,nan
1.477092132000000000e+09,3.028360976000000093e+01,-9.773746187000000418e+01,nan
1.477092132000000000e+09,3.028360976000000093e+01,-9.773746187000000418e+01,nan
1.477092132000000000e+09,3.028360976000000093e+01,-9.773746187000000418e+01,nan
1.477092132000000000e+09,3.028360976000000093e+01,-9.773746187000000418e+01,nan
1.477092138000000000e+09,3.028373218000000122e+01,-9.773740390000000389e+01,nan
1.477092138000000000e+09,3.028373218000000122e+01,-9.773740390000000389e+01,nan
1.477092138000000000e+09,3.028373218000000122e+01,-9.773740390000000389e+01,nan
1.477092138000000000e+09,3.028373218000000122e+01,-9.773740390000000389e+01,nan
1.477092138000000000e+09,3.028373218000000122e+01,-9.773740390000000389e+01,nan
1.477092138000000000e+09,3.028373218000000122e+01,-9.773740390000000389e+01,nan
1.477092138000000000e+09,3.028373218000000122e+01,-9.773740390000000389e+01,nan
1.477092138000000000e+09,3.028373218000000122e+01,-9.773740390000000389e+01,nan
1.477092138000000000e+09,3.028373218000000122e+01,-9.773740390000000389e+01,nan
1.477092138000000000e+09,3.028373218000000122e+01,-9.773740390000000389e+01,nan
1.477092148000000000e+09,3.028371384000000077e+01,-9.773750535000000639e+01,nan
1.477092148000000000e+09,3.028371384000000077e+01,-9.773750535000000639e+01,nan
1.477092148000000000e+09,3.028371384000000077e+01,-9.773750535000000639e+01,nan
1.477092148000000000e+09,3.028371384000000077e+01,-9.773750535000000639e+01,nan
1.477092148000000000e+09,3.028371384000000077e+01,-9.773750535000000639e+01,nan
1.477092148000000000e+09,3.028371384000000077e+01,-9.773750535000000639e+01,nan
1.477092154000000000e+09,3.028411202999999929e+01,-9.773750764999999774e+01,nan
1.477092154000000000e+09,3.028411202999999929e+01,-9.773750764999999774e+01,nan
1.477092154000000000e+09,3.028411202999999929e+01,-9.773750764999999774e+01,nan
1.477092154000000000e+09,3.028411202999999929e+01,-9.773750764999999774e+01,nan
1.477092154000000000e+09,3.028411202999999929e+01,-9.773750764999999774e+01,nan
1.477092154000000000e+09,3.028411202999999929e+01,-9.773750764999999774e+01,nan
1.477092160000000000e+09,3.028404629999999997e+01,-9.773750375000000190e+01,nan
1.477092160000000000e+09,3.028404629999999997e+01,-9.773750375000000190e+01,nan
1.477092160000000000e+09,3.028404629999999997e+01,-9.773750375000000190e+01,nan
1.477092160000000000e+09,3.028404629999999997e+01,-9.773750375000000190e+01,nan
1.477092160000000000e+09,3.028404629999999997e+01,-9.773750375000000190e+01,nan
1.477092160000000000e+09,3.028404629999999997e+01,-9.773750375000000190e+01,nan
1.477092166000000000e+09,3.028404233999999917e+01,-9.773746495999999695e+01,nan
1.477092166000000000e+09,3.028404233999999917e+01,-9.773746495999999695e+01,nan
1.477092166000000000e+09,3.028404233999999917e+01,-9.773746495999999695e+01,nan
1.477092166000000000e+09,3.028404233999999917e+01,-9.773746495999999695e+01,nan
1.477092166000000000e+09,3.028404233999999917e+01,-9.773746495999999695e+01,nan
1.477092166000000000e+09,3.028404233999999917e+01,-9.773746495999999695e+01,nan
1.477092172000000000e+09,3.028410269000000099e+01,-9.773733058999999912e+01,nan
1.477092172000000000e+09,3.028410269000000099e+01,-9.773733058999999912e+01,nan
1.477092172000000000e+09,3.028410269000000099e+01,-9.773733058999999912e+01,nan
1.477092172000000000e+09,3.028410269000000099e+01,-9.773733058999999912e+01,nan
1.477092172000000000e+09,3.028410269000000099e+01,-9.773733058999999912e+01,nan
1.477092172000000000e+09,3.028410269000000099e+01,-9.773733058999999912e+01,nan
1.477092178000000000e+09,3.028426629999999875e+01,-9.773724815999999294e+01,nan
1.477092178000000000e+09,3.028426629999999875e+01,-9.773724815999999294e+01,nan
1.477092178000000000e+09,3.028426629999999875e+01,-9.773724815999999294e+01,nan
1.477092178000000000e+09,3.028426629999999875e+01,-9.773724815999999294e+01,nan
1.477092178000000000e+09,3.028426629999999875e+01,-9.773724815999999294e+01,nan
1.477092178000000000e+09,3.028426629999999875e+01,-9.773724815999999294e+01,nan
1.477092184000000000e+09,3.028430048999999968e+01,-9.773737117000000296e+01,nan
1.477092184000000000e+09,3.028430048999999968e+01,-9.773737117000000296e+01,nan
1.477092184000000000e+09,3.028430048999999968e+01,-9.773737117000000296e+01,nan
1.477092184000000000e+09,3.028430048999999968e+01,-9.773737117000000296e+01,nan
1.477092184000000000e+09,3.028430048999999968e+01,-9.773737117000000296e+01,nan
1.477092184000000000e+09,3.028430048999999968e+01,-9.773737117000000296e+01,nan
1.477092190000000000e+09,3.028427986999999888e+01,-9.773747982999999806e+01,nan
1.477092190000000000e+09,3.028427986999999888e+01,-9.773747982999999806e+01,nan
1.477092190000000000e+09,3.028427986999999888e+01,-9.773747982999999806e+01,nan
1.477092190000000000e+09,3.028427986999999888e+01,-9.773747982999999806e+01,nan
1.477092190000000000e+09,3.028427986999999888e+01,-9.773747982999999806e+01,nan
1.477092190000000000e+09,3.028427986999999888e+01,-9.773747982999999806e+01,nan
1.477092196000000000e+09,3.028449897999999862e+01,-9.773713252999999668e+01,nan
1.477092196000000000e+09,3.028449897999999862e+01,-9.773713252999999668e+01,nan
1.477092196000000000e+09,3.028449897999999862e+01,-9.773713252999999668e+01,nan
1.477092196000000000e+09,3.028449897999999862e+01,-9.773713252999999668e+01,nan
1.477092196000000000e+09,3.028449897999999862e+01,-9.773713252999999668e+01,nan
1.477092196000000000e+09,3.028449897999999862e+01,-9.773713252999999668e+01,nan
1.477092202000000000e+09,3.028476901999999882e+01,-9.773707312999999886e+01,nan
1.477092202000000000e+09,3.028476901999999882e+01,-9.773707312999999886e+01,nan
1.477092202000000000e+09,3.028476901999999882e+01,-9.773707312999999886e+01,nan
1.477092202000000000e+09,3.028476901999999882e+01,-9.773707312999999886e+01,nan
1.477092202000000000e+09,3.028476901999999882e+01,-9.773707312999999886e+01,nan
1.477092202000000000e+09,3.028476901999999882e+01,-9.773707312999999886e+01,nan
1.477092208000000000e+09,3.028470985999999954e+01,-9.773719158999999479e+01,nan
1.477092208000000000e+09,3.028470985999999954e+01,-9.773719158999999479e+01,nan
1.477092208000000000e+09,3.028470985999999954e+01,-9.773719158999999479e+01,nan
1.477092208000000000e+09,3.028470985999999954e+01,-9.773719158999999479e+01,nan
1.477092208000000000e+09,3.028470985999999954e+01,-9.773719158999999479e+01,nan
1.477092208000000000e+09,3.028470985999999954e+01,-9.773719158999999479e+01,nan
1.477092214000000000e+09,3.028476261000000136e+01,-9.773709601000000191e+01,nan
1.477092214000000000e+09,3.028476261000000136e+01,-9.773709601000000191e+01,nan
1.477092214000000000e+09,3.028476261000000136e+01,-9.773709601000000191e+01,nan
1.477092214000000000e+09,3.028476261000000136e+01,-9.773709601000000191e+01,nan
1.477092214000000000e+09,3.028476261000000136e+01,-9.773709601000000191e+01,nan
1.477092214000000000e+09,3.028476261000000136e+01,-9.773709601000000191e+01,nan
1.477092220000000000e+09,3.028482228000000021e+01,-9.773712921000000620e+01,nan
1.477092220000000000e+09,3.028482228000000021e+01,-9.773712921000000620e+01,nan
1.477092220000000000e+09,3.028482228000000021e+01,-9.773712921000000620e+01,nan
1.477092220000000000e+09,3.028482228000000021e+01,-9.773712921000000620e+01,nan
1.477092220000000000e+09,3.028482228000000021e+01,-9.773712921000000620e+01,nan
1.477092220000000000e+09,3.028482228000000021e+01,-9.773712921000000620e+01,nan
1.477092226000000000e+09,3.028492294000000129e+01,-9.773713025000000698e+01,nan
1.477092226000000000e+09,3.028492294000000129e+01,-9.773713025000000698e+01,nan
1.477092226000000000e+09,3.028492294000000129e+01,-9.773713025000000698e+01,nan
1.477092226000000000e+09,3.028492294000000129e+01,-9.773713025000000698e+01,nan
1.477092226000000000e+09,3.028492294000000129e+01,-9.773713025000000698e+01,nan
1.477092226000000000e+09,3.028492294000000129e+01,-9.773713025000000698e+01,nan
1.477092232000000000e+09,3.028500906000000015e+01,-9.773707258999999681e+01,nan
1.477092232000000000e+09,3.028500906000000015e+01,-9.773707258999999681e+01,nan
1.477092232000000000e+09,3.028500906000000015e+01,-9.773707258999999681e+01,nan
1.477092232000000000e+09,3.028500906000000015e+01,-9.773707258999999681e+01,nan
1.477092232000000000e+09,3.028500906000000015e+01,-9.773707258999999681e+01,nan
1.477092232000000000e+09,3.028500906000000015e+01,-9.773707258999999681e+01,nan
1.477092238000000000e+09,3.028508147000000150e+01,-9.773706375000000435e+01,nan
1.477092238000000000e+09,3.028508147000000150e+01,-9.773706375000000435e+01,nan
1.477092238000000000e+09,3.028508147000000150e+01,-9.773706375000000435e+01,nan
1.477092238000000000e+09,3.028508147000000150e+01,-9.773706375000000435e+01,nan
1.477092238000000000e+09,3.028508147000000150e+01,-9.773706375000000435e+01,nan
1.477092238000000000e+09,3.028508147000000150e+01,-9.773706375000000435e+01,nan
1.477092244000000000e+09,3.028518439000000129e+01,-9.773707797000000141e+01,nan
1.477092244000000000e+09,3.028518439000000129e+01,-9.773707797000000141e+01,nan
1.477092244000000000e+09,3.028518439000000129e+01,-9.773707797000000141e+01,nan
1.477092244000000000e+09,3.028518439000000129e+01,-9.773707797000000141e+01,nan
1.477092244000000000e+09,3.028518439000000129e+01,-9.773707797000000141e+01,nan
1.477092244000000000e+09,3.028518439000000129e+01,-9.773707797000000141e+01,nan
1.477092250000000000e+09,3.028527241999999831e+01,-9.773707851000000346e+01,nan
1.477092250000000000e+09,3.028527241999999831e+01,-9.773707851000000346e+01,nan
1.477092250000000000e+09,3.028527241999999831e+01,-9.773707851000000346e+01,nan
1.477092250000000000e+09,3.028527241999999831e+01,-9.773707851000000346e+01,nan
1.477092250000000000e+09,3.028527241999999831e+01,-9.773707851000000346e+01,nan
1.477092250000000000e+09,3.028527241999999831e+01,-9.773707851000000346e+01,nan
1.477092256000000000e+09,3.028535932999999858e+01,-9.773709854999999891e+01,nan
1.477092256000000000e+09,3.028535932999999858e+01,-9.773709854999999891e+01,nan
1.477092256000000000e+09,3.028535932999999858e+01,-9.773709854999999891e+01,nan
1.477092256000000000e+09,3.028535932999999858e+01,-9.773709854999999891e+01,nan
1.477092256000000000e+09,3.028535932999999858e+01,-9.773709854999999891e+01,nan
1.477092256000000000e+09,3.028535932999999858e+01,-9.773709854999999891e+01,nan
1.477092262000000000e+09,3.028549702000000110e+01,-9.773709440000000370e+01,nan
1.477092262000000000e+09,3.028549702000000110e+01,-9.773709440000000370e+01,nan
1.477092262000000000e+09,3.028549702000000110e+01,-9.773709440000000370e+01,nan
1.477092262000000000e+09,3.028549702000000110e+01,-9.773709440000000370e+01,nan
1.477092262000000000e+09,3.028549702000000110e+01,-9.773709440000000370e+01,nan
1.477092262000000000e+09,3.028549702000000110e+01,-9.773709440000000370e+01,nan
1.477092268000000000e+09,3.028558122000000097e+01,-9.773710266999999874e+01,nan
1.477092268000000000e+09,3.028558122000000097e+01,-9.773710266999999874e+01,nan
1.477092268000000000e+09,3.028558122000000097e+01,-9.773710266999999874e+01,nan
1.477092268000000000e+09,3.028558122000000097e+01,-9.773710266999999874e+01,nan
1.477092268000000000e+09,3.028558122000000097e+01,-9.773710266999999874e+01,nan
1.477092268000000000e+09,3.028558122000000097e+01,-9.773710266999999874e+01,nan
1.477092274000000000e+09,3.028561331999999950e+01,-9.773706891999999868e+01,nan
1.477092274000000000e+09,3.028561331999999950e+01,-9.773706891999999868e+01,nan
1.477092274000000000e+09,3.028561331999999950e+01,-9.773706891999999868e+01,nan
1.477092274000000000e+09,3.028561331999999950e+01,-9.773706891999999868e+01,nan
1.477092274000000000e+09,3.028561331999999950e+01,-9.773706891999999868e+01,nan
1.477092274000000000e+09,3.028561331999999950e+01,-9.773706891999999868e+01,nan
1.477092280000000000e+09,3.028573949999999826e+01,-9.773705089000000612e+01,nan
1.477092280000000000e+09,3.028573949999999826e+01,-9.773705089000000612e+01,nan
1.477092280000000000e+09,3.028573949999999826e+01,-9.773705089000000612e+01,nan
1.477092280000000000e+09,3.028573949999999826e+01,-9.773705089000000612e+01,nan
1.477092280000000000e+09,3.028573949999999826e+01,-9.773705089000000612e+01,nan
1.477092280000000000e+09,3.028573949999999826e+01,-9.773705089000000612e+01,nan
1.477092286000000000e+09,3.028583967999999871e+01,-9.773704073000000392e+01,nan
1.477092286000000000e+09,3.028583967999999871e+01,-9.773704073000000392e+01,nan
1.477092286000000000e+09,3.028583967999999871e+01,-9.773704073000000392e+01,nan
1.477092286000000000e+09,3.028583967999999871e+01,-9.773704073000000392e+01,nan
1.477092286000000000e+09,3.028583967999999871e+01,-9.773704073000000392e+01,nan
1.477092286000000000e+09,3.028583967999999871e+01,-9.773704073000000392e+01,nan
1.477092292000000000e+09,3.028591439999999935e+01,-9.773702545000000441e+01,nan
1.477092292000000000e+09,3.028591439999999935e+01,-9.773702545000000441e+01,nan
1.477092292000000000e+09,3.028591439999999935e+01,-9.773702545000000441e+01,nan
1.477092292000000000e+09,3.028591439999999935e+01,-9.773702545000000441e+01,nan
1.477092292000000000e+09,3.028591439999999935e+01,-9.773702545000000441e+01,nan
1.477092292000000000e+09,3.028591439999999935e+01,-9.773702545000000441e+01,nan
1.477092298000000000e+09,3.028601118999999997e+01,-9.773697183000000166e+01,nan
1.477092298000000000e+09,3.028601118999999997e+01,-9.773697183000000166e+01,nan
1.477092298000000000e+09,3.028601118999999997e+01,-9.773697183000000166e+01,nan
1.477092298000000000e+09,3.028601118999999997e+01,-9.773697183000000166e+01,nan
1.477092298000000000e+09,3.028601118999999997e+01,-9.773697183000000166e+01,nan
1.477092298000000000e+09,3.028601118999999997e+01,-9.773697183000000166e+01,nan
1.477092304000000000e+09,3.028610134999999914e+01,-9.773692076000000384e+01,nan
1.477092304000000000e+09,3.028610134999999914e+01,-9.773692076000000384e+01,nan
1.477092304000000000e+09,3.028610134999999914e+01,-9.773692076000000384e+01,nan
1.477092304000000000e+09,3.028610134999999914e+01,-9.773692076000000384e+01,nan
1.477092304000000000e+09,3.028610134999999914e+01,-9.773692076000000384e+01,nan
1.477092304000000000e+09,3.028610134999999914e+01,-9.773692076000000384e+01,nan
1.477092310000000000e+09,3.028620658000000176e+01,-9.773686458000000243e+01,nan
1.477092310000000000e+09,3.028620658000000176e+01,-9.773686458000000243e+01,nan
1.477092310000000000e+09,3.028620658000000176e+01,-9.773686458000000243e+01,nan
1.477092310000000000e+09,3.028620658000000176e+01,-9.773686458000000243e+01,nan
1.477092310000000000e+09,3.028620658000000176e+01,-9.773686458000000243e+01,nan
1.477092310000000000e+09,3.028620658000000176e+01,-9.773686458000000243e+01,nan
1.477092316000000000e+09,3.028624956000000168e+01,-9.773687042999999619e+01,nan
1.477092316000000000e+09,3.028624956000000168e+01,-9.773687042999999619e+01,nan
1.477092316000000000e+09,3.028624956000000168e+01,-9.773687042999999619e+01,nan
1.477092316000000000e+09,3.028624956000000168e+01,-9.773687042999999619e+01,nan
1.477092316000000000e+09,3.028624956000000168e+01,-9.773687042999999619e+01,nan
1.477092316000000000e+09,3.028624956000000168e+01,-9.773687042999999619e+01,nan
1.477092322000000000e+09,3.028640766999999911e+01,-9.773686471999999981e+01,nan
1.477092322000000000e+09,3.028640766999999911e+01,-9.773686471999999981e+01,nan
1.477092322000000000e+09,3.028640766999999911e+01,-9.773686471999999981e+01,nan
1.477092322000000000e+09,3.028640766999999911e+01,-9.773686471999999981e+01,nan
1.477092322000000000e+09,3.028640766999999911e+01,-9.773686471999999981e+01,nan
1.477092322000000000e+09,3.028640766999999911e+01,-9.773686471999999981e+01,nan
1.477092322000000000e+09,3.028640766999999911e+01,-9.773686471999999981e+01,nan
1.477092322000000000e+09,3.028640766999999911e+01,-9.773686471999999981e+01,nan
1.477092322000000000e+09,3.028640766999999911e+01,-9.773686471999999981e+01,nan
1.477092322000000000e+09,3.028640766999999911e+01,-9.773686471999999981e+01,nan
1.477092322000000000e+09,3.028640766999999911e+01,-9.773686471999999981e+01,nan
1.477092322000000000e+09,3.028640766999999911e+01,-9.773686471999999981e+01,nan
1.477092322000000000e+09,3.028640766999999911e+01,-9.773686471999999981e+01,nan
1.477092322000000000e+09,3.028640766999999911e+01,-9.773686471999999981e+01,nan
1.477092322000000000e+09,3.028640766999999911e+01,-9.773686471999999981e+01,nan
1.477092322000000000e+09,3.028640766999999911e+01,-9.773686471999999981e+01,nan
1.477092322000000000e+09,3.028640766999999911e+01,-9.773686471999999981e+01,nan
1.477092322000000000e+09,3.028640766999999911e+01,-9.773686471999999981e+01,nan
1.477092322000000000e+09,3.028640766999999911e+01,-9.773686471999999981e+01,nan
1.477092322000000000e+09,3.028640766999999911e+01,-9.773686471999999981e+01,nan
1.477092322000000000e+09,3.028640766999999911e+01,-9.773686471999999981e+01,nan
1.477092322000000000e+09,3.028640766999999911e+01,-9.773686471999999981e+01,nan
1.477092322000000000e+09,3.028640766999999911e+01,-9.773686471999999981e+01,nan
1.477092322000000000e+09,3.028640766999999911e+01,-9.773686471999999981e+01,nan
1.477092322000000000e+09,3.028640766999999911e+01,-9.773686471999999981e+01,nan
1.477092322000000000e+09,3.028640766999999911e+01,-9.773686471999999981e+01,nan
1.477092322000000000e+09,3.028640766999999911e+01,-9.773686471999999981e+01,nan
1.477092322000000000e+09,3.028640766999999911e+01,-9.773686471999999981e+01,nan
1.477092322000000000e+09,3.028640766999999911e+01,-9.773686471999999981e+01,nan
1.477092322000000000e+09,3.028640766999999911e+01,-9.773686471999999981e+01,nan
1.477092322000000000e+09,3.028640766999999911e+01,-9.773686471999999981e+01,nan
1.477092322000000000e+09,3.028640766999999911e+01,-9.773686471999999981e+01,nan
1.477092322000000000e+09,3.028640766999999911e+01,-9.773686471999999981e+01,nan
1.477092322000000000e+09,3.028640766999999911e+01,-9.773686471999999981e+01,nan
1.477092322000000000e+09,3.028640766999999911e+01,-9.773686471999999981e+01,nan
1.477092322000000000e+09,3.028640766999999911e+01,-9.773686471999999981e+01,nan
1.477092322000000000e+09,3.028640766999999911e+01,-9.773686471999999981e+01,nan
1.477092322000000000e+09,3.028640766999999911e+01,-9.773686471999999981e+01,nan
1.477092322000000000e+09,3.028640766999999911e+01,-9.773686471999999981e+01,nan
1.477092322000000000e+09,3.028640766999999911e+01,-9.773686471999999981e+01,nan
1.477092322000000000e+09,3.028640766999999911e+01,-9.773686471999999981e+01,nan
1.477092322000000000e+09,3.028640766999999911e+01,-9.773686471999999981e+01,nan
1.477092364000000000e+09,3.028729033000000115e+01,-9.773736768999999924e+01,nan
1.477092364000000000e+09,3.028729033000000115e+01,-9.773736768999999924e+01,nan
1.477092364000000000e+09,3.028729033000000115e+01,-9.773736768999999924e+01,nan
1.477092364000000000e+09,3.028729033000000115e+01,-9.773736768999999924e+01,nan
1.477092364000000000e+09,3.028729033000000115e+01,-9.773736768999999924e+01,nan
1.477092364000000000e+09,3.028729033000000115e+01,-9.773736768999999924e+01,nan
1.477092370000000000e+09,3.028730575999999886e+01,-9.773738643999999454e+01,nan
1.477092370000000000e+09,3.028730575999999886e+01,-9.773738643999999454e+01,nan
1.477092370000000000e+09,3.028730575999999886e+01,-9.773738643999999454e+01,nan
1.477092370000000000e+09,3.028730575999999886e+01,-9.773738643999999454e+01,nan
1.477092370000000000e+09,3.028730575999999886e+01,-9.773738643999999454e+01,nan
1.477092370000000000e+09,3.028730575999999886e+01,-9.773738643999999454e+01,nan
1.477092376000000000e+09,3.028727607000000077e+01,-9.773709067999999434e+01,nan
1.477092376000000000e+09,3.028727607000000077e+01,-9.773709067999999434e+01,nan
1.477092376000000000e+09,3.028727607000000077e+01,-9.773709067999999434e+01,nan
1.477092376000000000e+09,3.028727607000000077e+01,-9.773709067999999434e+01,nan
1.477092376000000000e+09,3.028727607000000077e+01,-9.773709067999999434e+01,nan
1.477092376000000000e+09,3.028727607000000077e+01,-9.773709067999999434e+01,nan
1.477092382000000000e+09,3.028730291999999835e+01,-9.773687492000000532e+01,nan
1.477092382000000000e+09,3.028730291999999835e+01,-9.773687492000000532e+01,nan
1.477092382000000000e+09,3.028730291999999835e+01,-9.773687492000000532e+01,nan
1.477092382000000000e+09,3.028730291999999835e+01,-9.773687492000000532e+01,nan
1.477092382000000000e+09,3.028730291999999835e+01,-9.773687492000000532e+01,nan
1.477092382000000000e+09,3.028730291999999835e+01,-9.773687492000000532e+01,nan
1.477092388000000000e+09,3.028725821000000096e+01,-9.773680201000000523e+01,nan
1.477092388000000000e+09,3.028725821000000096e+01,-9.773680201000000523e+01,nan
1.477092388000000000e+09,3.028725821000000096e+01,-9.773680201000000523e+01,nan
1.477092388000000000e+09,3.028725821000000096e+01,-9.773680201000000523e+01,nan
1.477092388000000000e+09,3.028725821000000096e+01,-9.773680201000000523e+01,nan
1.477092388000000000e+09,3.028725821000000096e+01,-9.773680201000000523e+01,nan
1.477092394000000000e+09,3.028722241999999909e+01,-9.773669671000000392e+01,nan
1.477092394000000000e+09,3.028722241999999909e+01,-9.773669671000000392e+01,nan
1.477092394000000000e+09,3.028722241999999909e+01,-9.773669671000000392e+01,nan
1.477092394000000000e+09,3.028722241999999909e+01,-9.773669671000000392e+01,nan
1.477092394000000000e+09,3.028722241999999909e+01,-9.773669671000000392e+01,nan
1.477092394000000000e+09,3.028722241999999909e+01,-9.773669671000000392e+01,nan
1.477092400000000000e+09,3.028725281999999908e+01,-9.773663120000000504e+01,nan
1.477092400000000000e+09,3.028725281999999908e+01,-9.773663120000000504e+01,nan
1.477092400000000000e+09,3.028725281999999908e+01,-9.773663120000000504e+01,nan
1.477092400000000000e+09,3.028725281999999908e+01,-9.773663120000000504e+01,nan
1.477092400000000000e+09,3.028725281999999908e+01,-9.773663120000000504e+01,nan
1.477092400000000000e+09,3.028725281999999908e+01,-9.773663120000000504e+01,nan
1.477092406000000000e+09,3.028722692999999921e+01,-9.773660653000000309e+01,nan
1.477092406000000000e+09,3.028722692999999921e+01,-9.773660653000000309e+01,nan
1.477092406000000000e+09,3.028722692999999921e+01,-9.773660653000000309e+01,nan
1.477092406000000000e+09,3.028722692999999921e+01,-9.773660653000000309e+01,nan
1.477092406000000000e+09,3.028722692999999921e+01,-9.773660653000000309e+01,nan
1.477092406000000000e+09,3.028722692999999921e+01,-9.773660653000000309e+01,nan
1.477092412000000000e+09,3.028716585000000094e+01,-9.773656017999999790e+01,nan
1.477092412000000000e+09,3.028716585000000094e+01,-9.773656017999999790e+01,nan
1.477092412000000000e+09,3.028716585000000094e+01,-9.773656017999999790e+01,nan
1.477092412000000000e+09,3.028716585000000094e+01,-9.773656017999999790e+01,nan
1.477092412000000000e+09,3.028716585000000094e+01,-9.773656017999999790e+01,nan
1.477092412000000000e+09,3.028716585000000094e+01,-9.773656017999999790e+01,nan
1.477092418000000000e+09,3.028712330999999836e+01,-9.773658903999999836e+01,nan
1.477092418000000000e+09,3.028712330999999836e+01,-9.773658903999999836e+01,nan
1.477092418000000000e+09,3.028712330999999836e+01,-9.773658903999999836e+01,nan
1.477092418000000000e+09,3.028712330999999836e+01,-9.773658903999999836e+01,nan
1.477092418000000000e+09,3.028712330999999836e+01,-9.773658903999999836e+01,nan
1.477092418000000000e+09,3.028712330999999836e+01,-9.773658903999999836e+01,nan
1.477092418000000000e+09,3.028712330999999836e+01,-9.773658903999999836e+01,nan
1.477092418000000000e+09,3.028712330999999836e+01,-9.773658903999999836e+01,nan
1.477092418000000000e+09,3.028712330999999836e+01,-9.773658903999999836e+01,nan
1.477092418000000000e+09,3.028712330999999836e+01,-9.773658903999999836e+01,nan
1.477092418000000000e+09,3.028712330999999836e+01,-9.773658903999999836e+01,nan
1.477092418000000000e+09,3.028712330999999836e+01,-9.773658903999999836e+01,nan
1.477092418000000000e+09,3.028712330999999836e+01,-9.773658903999999836e+01,nan
1.477092418000000000e+09,3.028712330999999836e+01,-9.773658903999999836e+01,nan
1.477092418000000000e+09,3.028712330999999836e+01,-9.773658903999999836e+01,nan
1.477092418000000000e+09,3.028712330999999836e+01,-9.773658903999999836e+01,nan
1.477092418000000000e+09,3.028712330999999836e+01,-9.773658903999999836e+01,nan
1.477092418000000000e+09,3.028712330999999836e+01,-9.773658903999999836e+01,nan
1.477092418000000000e+09,3.028712330999999836e+01,-9.773658903999999836e+01,nan
1.477092418000000000e+09,3.028712330999999836e+01,-9.773658903999999836e+01,nan
1.477092418000000000e+09,3.028712330999999836e+01,-9.773658903999999836e+01,nan
1.477092418000000000e+09,3.028712330999999836e+01,-9.773658903999999836e+01,nan
1.477092418000000000e+09,3.028712330999999836e+01,-9.773658903999999836e+01,nan
1.477092418000000000e+09,3.028712330999999836e+01,-9.773658903999999836e+01,nan
1.477092418000000000e+09,3.028712330999999836e+01,-9.773658903999999836e+01,nan
1.477092418000000000e+09,3.028712330999999836e+01,-9.773658903999999836e+01,nan
1.477092418000000000e+09,3.028712330999999836e+01,-9.773658903999999836e+01,nan
1.477092418000000000e+09,3.028712330999999836e+01,-9.773658903999999836e+01,nan
1.477092418000000000e+09,3.028712330999999836e+01,-9.773658903999999836e+01,nan
1.477092418000000000e+09,3.028712330999999836e+01,-9.773658903999999836e+01,nan
1.477092418000000000e+09,3.028712330999999836e+01,-9.773658903999999836e+01,nan
1.477092418000000000e+09,3.028712330999999836e+01,-9.773658903999999836e+01,nan
1.477092418000000000e+09,3.028712330999999836e+01,-9.773658903999999836e+01,nan
1.477092418000000000e+09,3.028712330999999836e+01,-9.773658903999999836e+01,nan
1.477092418000000000e+09,3.028712330999999836e+01,-9.773658903999999836e+01,nan
1.477092418000000000e+09,3.028712330999999836e+01,-9.773658903999999836e+01,nan
1.477092418000000000e+09,3.028712330999999836e+01,-9.773658903999999836e+01,nan
1.477092418000000000e+09,3.028712330999999836e+01,-9.773658903999999836e+01,nan
1.477092418000000000e+09,3.028712330999999836e+01,-9.773658903999999836e+01,nan
1.477092418000000000e+09,3.028712330999999836e+01,-9.773658903999999836e+01,nan
1.477092418000000000e+09,3.028712330999999836e+01,-9.773658903999999836e+01,nan
1.477092418000000000e+09,3.028712330999999836e+01,-9.773658903999999836e+01,nan
1.477092418000000000e+09,3.028712330999999836e+01,-9.773658903999999836e+01,nan
1.477092418000000000e+09,3.028712330999999836e+01,-9.773658903999999836e+01,nan
1.477092418000000000e+09,3.028712330999999836e+01,-9.773658903999999836e+01,nan
1.477092418000000000e+09,3.028712330999999836e+01,-9.773658903999999836e+01,nan
1.477092418000000000e+09,3.028712330999999836e+01,-9.773658903999999836e+01,nan
1.477092418000000000e+09,3.028712330999999836e+01,-9.773658903999999836e+01,nan
1.477092418000000000e+09,3.028712330999999836e+01,-9.773658903999999836e+01,nan
1.477092418000000000e+09,3.028712330999999836e+01,-9.773658903999999836e+01,nan
1.477092418000000000e+09,3.028712330999999836e+01,-9.773658903999999836e+01,nan
1.477092418000000000e+09,3.028712330999999836e+01,-9.773658903999999836e+01,nan
1.477092418000000000e+09,3.028712330999999836e+01,-9.773658903999999836e+01,nan
1.477092418000000000e+09,3.028712330999999836e+01,-9.773658903999999836e+01,nan
1.477092418000000000e+09,3.028712330999999836e+01,-9.773658903999999836e+01,nan
1.477092418000000000e+09,3.028712330999999836e+01,-9.773658903999999836e+01,nan
1.477092418000000000e+09,3.028712330999999836e+01,-9.773658903999999836e+01,nan
1.477092418000000000e+09,3.028712330999999836e+01,-9.773658903999999836e+01,nan
1.477092418000000000e+09,3.028712330999999836e+01,-9.773658903999999836e+01,nan
1.477092418000000000e+09,3.028712330999999836e+01,-9.773658903999999836e+01,nan
1.477092418000000000e+09,3.028712330999999836e+01,-9.773658903999999836e+01,nan
1.477092418000000000e+09,3.028712330999999836e+01,-9.773658903999999836e+01,nan
1.477092418000000000e+09,3.028712330999999836e+01,-9.773658903999999836e+01,nan
1.477092418000000000e+09,3.028712330999999836e+01,-9.773658903999999836e+01,nan
1.477092418000000000e+09,3.028712330999999836e+01,-9.773658903999999836e+01,nan
1.477092418000000000e+09,3.028712330999999836e+01,-9.773658903999999836e+01,nan
1.477092418000000000e+09,3.028712330999999836e+01,-9.773658903999999836e+01,nan
1.477092418000000000e+09,3.028712330999999836e+01,-9.773658903999999836e+01,nan
1.477092418000000000e+09,3.028712330999999836e+01,-9.773658903999999836e+01,nan
1.477092418000000000e+09,3.028712330999999836e+01,-9.773658903999999836e+01,nan
1.477092418000000000e+09,3.028712330999999836e+01,-9.773658903999999836e+01,nan
1.477092418000000000e+09,3.028712330999999836e+01,-9.773658903999999836e+01,nan
1.477092418000000000e+09,3.028712330999999836e+01,-9.773658903999999836e+01,nan
1.477092418000000000e+09,3.028712330999999836e+01,-9.773658903999999836e+01,nan
1.477092418000000000e+09,3.028712330999999836e+01,-9.773658903999999836e+01,nan
1.477092418000000000e+09,3.028712330999999836e+01,-9.773658903999999836e+01,nan
1.477092418000000000e+09,3.028712330999999836e+01,-9.773658903999999836e+01,nan
1.477092418000000000e+09,3.028712330999999836e+01,-9.773658903999999836e+01,nan
1.477092418000000000e+09,3.028712330999999836e+01,-9.773658903999999836e+01,nan
1.477092418000000000e+09,3.028712330999999836e+01,-9.773658903999999836e+01,nan
1.477092418000000000e+09,3.028712330999999836e+01,-9.773658903999999836e+01,nan
1.477092418000000000e+09,3.028712330999999836e+01,-9.773658903999999836e+01,nan
1.477092418000000000e+09,3.028712330999999836e+01,-9.773658903999999836e+01,nan
1.477092418000000000e+09,3.028712330999999836e+01,-9.773658903999999836e+01,nan
1.477092418000000000e+09,3.028712330999999836e+01,-9.773658903999999836e+01,nan
1.477092418000000000e+09,3.028712330999999836e+01,-9.773658903999999836e+01,nan
1.477092418000000000e+09,3.028712330999999836e+01,-9.773658903999999836e+01,nan
1.477092418000000000e+09,3.028712330999999836e+01,-9.773658903999999836e+01,nan
1.477092418000000000e+09,3.028712330999999836e+01,-9.773658903999999836e+01,nan
1.477092418000000000e+09,3.028712330999999836e+01,-9.773658903999999836e+01,nan
1.477092418000000000e+09,3.028712330999999836e+01,-9.773658903999999836e+01,nan
1.477092418000000000e+09,3.028712330999999836e+01,-9.773658903999999836e+01,nan
1.477092418000000000e+09,3.028712330999999836e+01,-9.773658903999999836e+01,nan
1.477092418000000000e+09,3.028712330999999836e+01,-9.773658903999999836e+01,nan
1.477092418000000000e+09,3.028712330999999836e+01,-9.773658903999999836e+01,nan
1.477092418000000000e+09,3.028712330999999836e+01,-9.773658903999999836e+01,nan
1.477092418000000000e+09,3.028712330999999836e+01,-9.773658903999999836e+01,nan
1.477092418000000000e+09,3.028712330999999836e+01,-9.773658903999999836e+01,nan
1.477092418000000000e+09,3.028712330999999836e+01,-9.773658903999999836e+01,nan
1.477092418000000000e+09,3.028712330999999836e+01,-9.773658903999999836e+01,nan
1.477092418000000000e+09,3.028712330999999836e+01,-9.773658903999999836e+01,nan
1.477092418000000000e+09,3.028712330999999836e+01,-9.773658903999999836e+01,nan
1.477092418000000000e+09,3.028712330999999836e+01,-9.773658903999999836e+01,nan
1.477092418000000000e+09,3.028712330999999836e+01,-9.773658903999999836e+01,nan
1.477092418000000000e+09,3.028712330999999836e+01,-9.773658903999999836e+01,nan
1.477092418000000000e+09,3.028712330999999836e+01,-9.773658903999999836e+01,nan
1.477092418000000000e+09,3.028712330999999836e+01,-9.773658903999999836e+01,nan
1.477092418000000000e+09,3.028712330999999836e+01,-9.773658903999999836e+01,nan
1.477092418000000000e+09,3.028712330999999836e+01,-9.773658903999999836e+01,nan
1.477092418000000000e+09,3.028712330999999836e+01,-9.773658903999999836e+01,nan
1.477092418000000000e+09,3.028712330999999836e+01,-9.773658903999999836e+01,nan
1.477092418000000000e+09,3.028712330999999836e+01,-9.773658903999999836e+01,nan
1.477092418000000000e+09,3.028712330999999836e+01,-9.773658903999999836e+01,nan
1.477092418000000000e+09,3.028712330999999836e+01,-9.773658903999999836e+01,nan
1.477092418000000000e+09,3.028712330999999836e+01,-9.773658903999999836e+01,nan
1.477092418000000000e+09,3.028712330999999836e+01,-9.773658903999999836e+01,nan
1.477092418000000000e+09,3.028712330999999836e+01,-9.773658903999999836e+01,nan
1.477092418000000000e+09,3.028712330999999836e+01,-9.773658903999999836e+01,nan
1.477092418000000000e+09,3.028712330999999836e+01,-9.773658903999999836e+01,nan
1.477092418000000000e+09,3.028712330999999836e+01,-9.773658903999999836e+01,nan
1.477092418000000000e+09,3.028712330999999836e+01,-9.773658903999999836e+01,nan
1.477092418000000000e+09,3.028712330999999836e+01,-9.773658903999999836e+01,nan
1.477092418000000000e+09,3.028712330999999836e+01,-9.773658903999999836e+01,nan
1.477092418000000000e+09,3.028712330999999836e+01,-9.773658903999999836e+01,nan
1.477092418000000000e+09,3.028712330999999836e+01,-9.773658903999999836e+01,nan
1.477092418000000000e+09,3.028712330999999836e+01,-9.773658903999999836e+01,nan
1.477092418000000000e+09,3.028712330999999836e+01,-9.773658903999999836e+01,nan
1.477092418000000000e+09,3.028712330999999836e+01,-9.773658903999999836e+01,nan
1.477092418000000000e+09,3.028712330999999836e+01,-9.773658903999999836e+01,nan
1.477092418000000000e+09,3.028712330999999836e+01,-9.773658903999999836e+01,nan
1.477092418000000000e+09,3.028712330999999836e+01,-9.773658903999999836e+01,nan
1.477092418000000000e+09,3.028712330999999836e+01,-9.773658903999999836e+01,nan
1.477092418000000000e+09,3.028712330999999836e+01,-9.773658903999999836e+01,nan
1.477092418000000000e+09,3.028712330999999836e+01,-9.773658903999999836e+01,nan
1.477092418000000000e+09,3.028712330999999836e+01,-9.773658903999999836e+01,nan
1.477092418000000000e+09,3.028712330999999836e+01,-9.773658903999999836e+01,nan
1.477092418000000000e+09,3.028712330999999836e+01,-9.773658903999999836e+01,nan
1.477092418000000000e+09,3.028712330999999836e+01,-9.773658903999999836e+01,nan
1.477092418000000000e+09,3.028712330999999836e+01,-9.773658903999999836e+01,nan
1.477092418000000000e+09,3.028712330999999836e+01,-9.773658903999999836e+01,nan
1.477092418000000000e+09,3.028712330999999836e+01,-9.773658903999999836e+01,nan
1.477092418000000000e+09,3.028712330999999836e+01,-9.773658903999999836e+01,nan
1.477092418000000000e+09,3.028712330999999836e+01,-9.773658903999999836e+01,nan
1.477092418000000000e+09,3.028712330999999836e+01,-9.773658903999999836e+01,nan
1.477092418000000000e+09,3.028712330999999836e+01,-9.773658903999999836e+01,nan
1.477092418000000000e+09,3.028712330999999836e+01,-9.773658903999999836e+01,nan
1.477092418000000000e+09,3.028712330999999836e+01,-9.773658903999999836e+01,nan
1.477092418000000000e+09,3.028712330999999836e+01,-9.773658903999999836e+01,nan
1.477092418000000000e+09,3.028712330999999836e+01,-9.773658903999999836e+01,nan
1.477092418000000000e+09,3.028712330999999836e+01,-9.773658903999999836e+01,nan
1.477092418000000000e+09,3.028712330999999836e+01,-9.773658903999999836e+01,nan
1.477092418000000000e+09,3.028712330999999836e+01,-9.773658903999999836e+01,nan
1.477092418000000000e+09,3.028712330999999836e+01,-9.773658903999999836e+01,nan
1.477092418000000000e+09,3.028712330999999836e+01,-9.773658903999999836e+01,nan
1.477092418000000000e+09,3.028712330999999836e+01,-9.773658903999999836e+01,nan
1.477092418000000000e+09,3.028712330999999836e+01,-9.773658903999999836e+01,nan
1.477092418000000000e+09,3.028712330999999836e+01,-9.773658903999999836e+01,nan
1.477092418000000000e+09,3.028712330999999836e+01,-9.773658903999999836e+01,nan
1.477092418000000000e+09,3.028712330999999836e+01,-9.773658903999999836e+01,nan
1.477092418000000000e+09,3.028712330999999836e+01,-9.773658903999999836e+01,nan
1.477092418000000000e+09,3.028712330999999836e+01,-9.773658903999999836e+01,nan
1.477092418000000000e+09,3.028712330999999836e+01,-9.773658903999999836e+01,nan
1.477092418000000000e+09,3.028712330999999836e+01,-9.773658903999999836e+01,nan
1.477092418000000000e+09,3.028712330999999836e+01,-9.773658903999999836e+01,nan
1.477092418000000000e+09,3.028712330999999836e+01,-9.773658903999999836e+01,nan
1.477092418000000000e+09,3.028712330999999836e+01,-9.773658903999999836e+01,nan
1.477092418000000000e+09,3.028712330999999836e+01,-9.773658903999999836e+01,nan
1.477092418000000000e+09,3.028712330999999836e+01,-9.773658903999999836e+01,nan
1.477092418000000000e+09,3.028712330999999836e+01,-9.773658903999999836e+01,nan
1.477092418000000000e+09,3.028712330999999836e+01,-9.773658903999999836e+01,nan
1.477092418000000000e+09,3.028712330999999836e+01,-9.773658903999999836e+01,nan
1.477092418000000000e+09,3.028712330999999836e+01,-9.773658903999999836e+01,nan
1.477092418000000000e+09,3.028712330999999836e+01,-9.773658903999999836e+01,nan
1.477092418000000000e+09,3.028712330999999836e+01,-9.773658903999999836e+01,nan
1.477092418000000000e+09,3.028712330999999836e+01,-9.773658903999999836e+01,nan
1.477092418000000000e+09,3.028712330999999836e+01,-9.773658903999999836e+01,nan
1.477092418000000000e+09,3.028712330999999836e+01,-9.773658903999999836e+01,nan
1.477092418000000000e+09,3.028712330999999836e+01,-9.773658903999999836e+01,nan
1.477092418000000000e+09,3.028712330999999836e+01,-9.773658903999999836e+01,nan
1.477092418000000000e+09,3.028712330999999836e+01,-9.773658903999999836e+01,nan
1.477092418000000000e+09,3.028712330999999836e+01,-9.773658903999999836e+01,nan
1.477092418000000000e+09,3.028712330999999836e+01,-9.773658903999999836e+01,nan
1.477092418000000000e+09,3.028712330999999836e+01,-9.773658903999999836e+01,nan
1.477092418000000000e+09,3.028712330999999836e+01,-9.773658903999999836e+01,nan
1.477092418000000000e+09,3.028712330999999836e+01,-9.773658903999999836e+01,nan
1.477092418000000000e+09,3.028712330999999836e+01,-9.773658903999999836e+01,nan
1.477092418000000000e+09,3.028712330999999836e+01,-9.773658903999999836e+01,nan
1.477092418000000000e+09,3.028712330999999836e+01,-9.773658903999999836e+01,nan
1.477092418000000000e+09,3.028712330999999836e+01,-9.773658903999999836e+01,nan
1.477092418000000000e+09,3.028712330999999836e+01,-9.773658903999999836e+01,nan
1.477092418000000000e+09,3.028712330999999836e+01,-9.773658903999999836e+01,nan
1.477092418000000000e+09,3.028712330999999836e+01,-9.773658903999999836e+01,nan
1.477092418000000000e+09,3.028712330999999836e+01,-9.773658903999999836e+01,nan
1.477092418000000000e+09,3.028712330999999836e+01,-9.773658903999999836e+01,nan
1.477092418000000000e+09,3.028712330999999836e+01,-9.773658903999999836e+01,nan
1.477092418000000000e+09,3.028712330999999836e+01,-9.773658903999999836e+01,nan
1.477092418000000000e+09,3.028712330999999836e+01,-9.773658903999999836e+01,nan
1.477092418000000000e+09,3.028712330999999836e+01,-9.773658903999999836e+01,nan
1.477092418000000000e+09,3.028712330999999836e+01,-9.773658903999999836e+01,nan
1.477092418000000000e+09,3.028712330999999836e+01,-9.773658903999999836e+01,nan
1.477092418000000000e+09,3.028712330999999836e+01,-9.773658903999999836e+01,nan
1.477092418000000000e+09,3.028712330999999836e+01,-9.773658903999999836e+01,nan
1.477092418000000000e+09,3.028712330999999836e+01,-9.773658903999999836e+01,nan
1.477092418000000000e+09,3.028712330999999836e+01,-9.773658903999999836e+01,nan
1.477092418000000000e+09,3.028712330999999836e+01,-9.773658903999999836e+01,nan
1.477092418000000000e+09,3.028712330999999836e+01,-9.773658903999999836e+01,nan
1.477092418000000000e+09,3.028712330999999836e+01,-9.773658903999999836e+01,nan
1.477092418000000000e+09,3.028712330999999836e+01,-9.773658903999999836e+01,nan
1.477092418000000000e+09,3.028712330999999836e+01,-9.773658903999999836e+01,nan
1.477092418000000000e+09,3.028712330999999836e+01,-9.773658903999999836e+01,nan
1.477092418000000000e+09,3.028712330999999836e+01,-9.773658903999999836e+01,nan
1.477092418000000000e+09,3.028712330999999836e+01,-9.773658903999999836e+01,nan
1.477092418000000000e+09,3.028712330999999836e+01,-9.773658903999999836e+01,nan
1.477092418000000000e+09,3.028712330999999836e+01,-9.773658903999999836e+01,nan
1.477092418000000000e+09,3.028712330999999836e+01,-9.773658903999999836e+01,nan
1.477092418000000000e+09,3.028712330999999836e+01,-9.773658903999999836e+01,nan
1.477092418000000000e+09,3.028712330999999836e+01,-9.773658903999999836e+01,nan
1.477092418000000000e+09,3.028712330999999836e+01,-9.773658903999999836e+01,nan
1.477092418000000000e+09,3.028712330999999836e+01,-9.773658903999999836e+01,nan
1.477092418000000000e+09,3.028712330999999836e+01,-9.773658903999999836e+01,nan
1.477092418000000000e+09,3.028712330999999836e+01,-9.773658903999999836e+01,nan
1.477092418000000000e+09,3.028712330999999836e+01,-9.773658903999999836e+01,nan
1.477092418000000000e+09,3.028712330999999836e+01,-9.773658903999999836e+01,nan
1.477092418000000000e+09,3.028712330999999836e+01,-9.773658903999999836e+01,nan
1.477092418000000000e+09,3.028712330999999836e+01,-9.773658903999999836e+01,nan
1.477092418000000000e+09,3.028712330999999836e+01,-9.773658903999999836e+01,nan
1.477092418000000000e+09,3.028712330999999836e+01,-9.773658903999999836e+01,nan
1.477092418000000000e+09,3.028712330999999836e+01,-9.773658903999999836e+01,nan
1.477092418000000000e+09,3.028712330999999836e+01,-9.773658903999999836e+01,nan
1.477092418000000000e+09,3.028712330999999836e+01,-9.773658903999999836e+01,nan
1.477092418000000000e+09,3.028712330999999836e+01,-9.773658903999999836e+01,nan
1.477092418000000000e+09,3.028712330999999836e+01,-9.773658903999999836e+01,nan
1.477092418000000000e+09,3.028712330999999836e+01,-9.773658903999999836e+01,nan
1.477092418000000000e+09,3.028712330999999836e+01,-9.773658903999999836e+01,nan
1.477092418000000000e+09,3.028712330999999836e+01,-9.773658903999999836e+01,nan
1.477092418000000000e+09,3.028712330999999836e+01,-9.773658903999999836e+01,nan
1.477092418000000000e+09,3.028712330999999836e+01,-9.773658903999999836e+01,nan
1.477092418000000000e+09,3.028712330999999836e+01,-9.773658903999999836e+01,nan
1.477092418000000000e+09,3.028712330999999836e+01,-9.773658903999999836e+01,nan
1.477092418000000000e+09,3.028712330999999836e+01,-9.773658903999999836e+01,nan
1.477092418000000000e+09,3.028712330999999836e+01,-9.773658903999999836e+01,nan
1.477092418000000000e+09,3.028712330999999836e+01,-9.773658903999999836e+01,nan
1.477092418000000000e+09,3.028712330999999836e+01,-9.773658903999999836e+01,nan
1.477092418000000000e+09,3.028712330999999836e+01,-9.773658903999999836e+01,nan
1.477092418000000000e+09,3.028712330999999836e+01,-9.773658903999999836e+01,nan
1.477092418000000000e+09,3.028712330999999836e+01,-9.773658903999999836e+01,nan
1.477092418000000000e+09,3.028712330999999836e+01,-9.773658903999999836e+01,nan
1.477092418000000000e+09,3.028712330999999836e+01,-9.773658903999999836e+01,nan
1.477092418000000000e+09,3.028712330999999836e+01,-9.773658903999999836e+01,nan
1.477092418000000000e+09,3.028712330999999836e+01,-9.773658903999999836e+01,nan
1.477092418000000000e+09,3.028712330999999836e+01,-9.773658903999999836e+01,nan
1.477092418000000000e+09,3.028712330999999836e+01,-9.773658903999999836e+01,nan
1.477092418000000000e+09,3.028712330999999836e+01,-9.773658903999999836e+01,nan
1.477092418000000000e+09,3.028712330999999836e+01,-9.773658903999999836e+01,nan
1.477092418000000000e+09,3.028712330999999836e+01,-9.773658903999999836e+01,nan
1.477092418000000000e+09,3.028712330999999836e+01,-9.773658903999999836e+01,nan
1.477092418000000000e+09,3.028712330999999836e+01,-9.773658903999999836e+01,nan
1.477092418000000000e+09,3.028712330999999836e+01,-9.773658903999999836e+01,nan
1.477092418000000000e+09,3.028712330999999836e+01,-9.773658903999999836e+01,nan
1.477092418000000000e+09,3.028712330999999836e+01,-9.773658903999999836e+01,nan
1.477092418000000000e+09,3.028712330999999836e+01,-9.773658903999999836e+01,nan
1.477092418000000000e+09,3.028712330999999836e+01,-9.773658903999999836e+01,nan
1.477092418000000000e+09,3.028712330999999836e+01,-9.773658903999999836e+01,nan
1.477092418000000000e+09,3.028712330999999836e+01,-9.773658903999999836e+01,nan
1.477092418000000000e+09,3.028712330999999836e+01,-9.773658903999999836e+01,nan
1.477092418000000000e+09,3.028712330999999836e+01,-9.773658903999999836e+01,nan
1.477092684000000000e+09,3.028688281000000160e+01,-9.773646988999999508e+01,nan
1.477092684000000000e+09,3.028688281000000160e+01,-9.773646988999999508e+01,nan
1.477092684000000000e+09,3.028688281000000160e+01,-9.773646988999999508e+01,nan
1.477092684000000000e+09,3.028688281000000160e+01,-9.773646988999999508e+01,nan
1.477092684000000000e+09,3.028688281000000160e+01,-9.773646988999999508e+01,nan
1.477092684000000000e+09,3.028688281000000160e+01,-9.773646988999999508e+01,nan
1.477092690000000000e+09,3.028681995999999899e+01,-9.773661099999999635e+01,nan
1.477092690000000000e+09,3.028681995999999899e+01,-9.773661099999999635e+01,nan
1.477092690000000000e+09,3.028681995999999899e+01,-9.773661099999999635e+01,nan
1.477092690000000000e+09,3.028681995999999899e+01,-9.773661099999999635e+01,nan
1.477092690000000000e+09,3.028681995999999899e+01,-9.773661099999999635e+01,nan
1.477092690000000000e+09,3.028681995999999899e+01,-9.773661099999999635e+01,nan
1.477092696000000000e+09,3.028673677999999825e+01,-9.773679712000000563e+01,nan
1.477092696000000000e+09,3.028673677999999825e+01,-9.773679712000000563e+01,nan
1.477092696000000000e+09,3.028673677999999825e+01,-9.773679712000000563e+01,nan
1.477092696000000000e+09,3.028673677999999825e+01,-9.773679712000000563e+01,nan
1.477092696000000000e+09,3.028673677999999825e+01,-9.773679712000000563e+01,nan
1.477092696000000000e+09,3.028673677999999825e+01,-9.773679712000000563e+01,nan
1.477092696000000000e+09,3.028673677999999825e+01,-9.773679712000000563e+01,nan
1.477092696000000000e+09,3.028673677999999825e+01,-9.773679712000000563e+01,nan
1.477092696000000000e+09,3.028673677999999825e+01,-9.773679712000000563e+01,nan
1.477092696000000000e+09,3.028673677999999825e+01,-9.773679712000000563e+01,nan
1.477092696000000000e+09,3.028673677999999825e+01,-9.773679712000000563e+01,nan
1.477092696000000000e+09,3.028673677999999825e+01,-9.773679712000000563e+01,nan
1.477092696000000000e+09,3.028673677999999825e+01,-9.773679712000000563e+01,nan
1.477092696000000000e+09,3.028673677999999825e+01,-9.773679712000000563e+01,nan
1.477092696000000000e+09,3.028673677999999825e+01,-9.773679712000000563e+01,nan
1.477092696000000000e+09,3.028673677999999825e+01,-9.773679712000000563e+01,nan
1.477092696000000000e+09,3.028673677999999825e+01,-9.773679712000000563e+01,nan
1.477092696000000000e+09,3.028673677999999825e+01,-9.773679712000000563e+01,nan
1.477092696000000000e+09,3.028673677999999825e+01,-9.773679712000000563e+01,nan
1.477092696000000000e+09,3.028673677999999825e+01,-9.773679712000000563e+01,nan
1.477092696000000000e+09,3.028673677999999825e+01,-9.773679712000000563e+01,nan
1.477092696000000000e+09,3.028673677999999825e+01,-9.773679712000000563e+01,nan
1.477092696000000000e+09,3.028673677999999825e+01,-9.773679712000000563e+01,nan
1.477092696000000000e+09,3.028673677999999825e+01,-9.773679712000000563e+01,nan
1.477092696000000000e+09,3.028673677999999825e+01,-9.773679712000000563e+01,nan
1.477092696000000000e+09,3.028673677999999825e+01,-9.773679712000000563e+01,nan
1.477092696000000000e+09,3.028673677999999825e+01,-9.773679712000000563e+01,nan
1.477092696000000000e+09,3.028673677999999825e+01,-9.773679712000000563e+01,nan
1.477092696000000000e+09,3.028673677999999825e+01,-9.773679712000000563e+01,nan
1.477092696000000000e+09,3.028673677999999825e+01,-9.773679712000000563e+01,nan
1.477092696000000000e+09,3.028673677999999825e+01,-9.773679712000000563e+01,nan
1.477092696000000000e+09,3.028673677999999825e+01,-9.773679712000000563e+01,nan
1.477092696000000000e+09,3.028673677999999825e+01,-9.773679712000000563e+01,nan
1.477092696000000000e+09,3.028673677999999825e+01,-9.773679712000000563e+01,nan
1.477092730000000000e+09,3.028618097000000020e+01,-9.773704082999999798e+01,nan
1.477092730000000000e+09,3.028618097000000020e+01,-9.773704082999999798e+01,nan
1.477092730000000000e+09,3.028618097000000020e+01,-9.773704082999999798e+01,nan
1.477092730000000000e+09,3.028618097000000020e+01,-9.773704082999999798e+01,nan
1.477092730000000000e+09,3.028618097000000020e+01,-9.773704082999999798e+01,nan
1.477092730000000000e+09,3.028618097000000020e+01,-9.773704082999999798e+01,nan
1.477092736000000000e+09,3.028607573000000031e+01,-9.773699102999999866e+01,nan
1.477092736000000000e+09,3.028607573000000031e+01,-9.773699102999999866e+01,nan
1.477092736000000000e+09,3.028607573000000031e+01,-9.773699102999999866e+01,nan
1.477092736000000000e+09,3.028607573000000031e+01,-9.773699102999999866e+01,nan
1.477092736000000000e+09,3.028607573000000031e+01,-9.773699102999999866e+01,nan
1.477092736000000000e+09,3.028607573000000031e+01,-9.773699102999999866e+01,nan
1.477092742000000000e+09,3.028596281000000090e+01,-9.773702600000000018e+01,nan
1.477092742000000000e+09,3.028596281000000090e+01,-9.773702600000000018e+01,nan
1.477092742000000000e+09,3.028596281000000090e+01,-9.773702600000000018e+01,nan
1.477092742000000000e+09,3.028596281000000090e+01,-9.773702600000000018e+01,nan
1.477092742000000000e+09,3.028596281000000090e+01,-9.773702600000000018e+01,nan
1.477092742000000000e+09,3.028596281000000090e+01,-9.773702600000000018e+01,nan
1.477092748000000000e+09,3.028588823999999846e+01,-9.773704730000000040e+01,nan
1.477092748000000000e+09,3.028588823999999846e+01,-9.773704730000000040e+01,nan
1.477092748000000000e+09,3.028588823999999846e+01,-9.773704730000000040e+01,nan
1.477092748000000000e+09,3.028588823999999846e+01,-9.773704730000000040e+01,nan
1.477092748000000000e+09,3.028588823999999846e+01,-9.773704730000000040e+01,nan
1.477092748000000000e+09,3.028588823999999846e+01,-9.773704730000000040e+01,nan
1.477092754000000000e+09,3.028578294000000071e+01,-9.773705359999999587e+01,nan
1.477092754000000000e+09,3.028578294000000071e+01,-9.773705359999999587e+01,nan
1.477092754000000000e+09,3.028578294000000071e+01,-9.773705359999999587e+01,nan
1.477092754000000000e+09,3.028578294000000071e+01,-9.773705359999999587e+01,nan
1.477092754000000000e+09,3.028578294000000071e+01,-9.773705359999999587e+01,nan
1.477092754000000000e+09,3.028578294000000071e+01,-9.773705359999999587e+01,nan
1.477092760000000000e+09,3.028570406000000048e+01,-9.773708000999999967e+01,nan
1.477092760000000000e+09,3.028570406000000048e+01,-9.773708000999999967e+01,nan
1.477092760000000000e+09,3.028570406000000048e+01,-9.773708000999999967e+01,nan
1.477092760000000000e+09,3.028570406000000048e+01,-9.773708000999999967e+01,nan
1.477092760000000000e+09,3.028570406000000048e+01,-9.773708000999999967e+01,nan
1.477092760000000000e+09,3.028570406000000048e+01,-9.773708000999999967e+01,nan
1.477092766000000000e+09,3.028566293000000087e+01,-9.773714099000000033e+01,nan
1.477092766000000000e+09,3.028566293000000087e+01,-9.773714099000000033e+01,nan
1.477092766000000000e+09,3.028566293000000087e+01,-9.773714099000000033e+01,nan
1.477092766000000000e+09,3.028566293000000087e+01,-9.773714099000000033e+01,nan
1.477092766000000000e+09,3.028566293000000087e+01,-9.773714099000000033e+01,nan
1.477092766000000000e+09,3.028566293000000087e+01,-9.773714099000000033e+01,nan
1.477092772000000000e+09,3.028565503000000092e+01,-9.773720919000000151e+01,nan
1.477092772000000000e+09,3.028565503000000092e+01,-9.773720919000000151e+01,nan
1.477092772000000000e+09,3.028565503000000092e+01,-9.773720919000000151e+01,nan
1.477092772000000000e+09,3.028565503000000092e+01,-9.773720919000000151e+01,nan
1.477092772000000000e+09,3.028565503000000092e+01,-9.773720919000000151e+01,nan
1.477092772000000000e+09,3.028565503000000092e+01,-9.773720919000000151e+01,nan
1.477092778000000000e+09,3.028566855000000047e+01,-9.773729412000000139e+01,nan
1.477092778000000000e+09,3.028566855000000047e+01,-9.773729412000000139e+01,nan
1.477092778000000000e+09,3.028566855000000047e+01,-9.773729412000000139e+01,nan
1.477092778000000000e+09,3.028566855000000047e+01,-9.773729412000000139e+01,nan
1.477092778000000000e+09,3.028566855000000047e+01,-9.773729412000000139e+01,nan
1.477092778000000000e+09,3.028566855000000047e+01,-9.773729412000000139e+01,nan
1.477092784000000000e+09,3.028567991999999975e+01,-9.773732868999999823e+01,nan
1.477092784000000000e+09,3.028567991999999975e+01,-9.773732868999999823e+01,nan
1.477092784000000000e+09,3.028567991999999975e+01,-9.773732868999999823e+01,nan
1.477092784000000000e+09,3.028567991999999975e+01,-9.773732868999999823e+01,nan
1.477092784000000000e+09,3.028567991999999975e+01,-9.773732868999999823e+01,nan
1.477092784000000000e+09,3.028567991999999975e+01,-9.773732868999999823e+01,nan
1.477092790000000000e+09,3.028566856999999857e+01,-9.773743337999999881e+01,nan
1.477092790000000000e+09,3.028566856999999857e+01,-9.773743337999999881e+01,nan
1.477092790000000000e+09,3.028566856999999857e+01,-9.773743337999999881e+01,nan
1.477092790000000000e+09,3.028566856999999857e+01,-9.773743337999999881e+01,nan
1.477092790000000000e+09,3.028566856999999857e+01,-9.773743337999999881e+01,nan
1.477092790000000000e+09,3.028566856999999857e+01,-9.773743337999999881e+01,nan
1.477092796000000000e+09,3.028569055999999904e+01,-9.773751792000000194e+01,nan
1.477092796000000000e+09,3.028569055999999904e+01,-9.773751792000000194e+01,nan
1.477092796000000000e+09,3.028569055999999904e+01,-9.773751792000000194e+01,nan
1.477092796000000000e+09,3.028569055999999904e+01,-9.773751792000000194e+01,nan
1.477092796000000000e+09,3.028569055999999904e+01,-9.773751792000000194e+01,nan
1.477092796000000000e+09,3.028569055999999904e+01,-9.773751792000000194e+01,nan
1.477092802000000000e+09,3.028571480000000093e+01,-9.773763544999999908e+01,nan
1.477092802000000000e+09,3.028571480000000093e+01,-9.773763544999999908e+01,nan
1.477092802000000000e+09,3.028571480000000093e+01,-9.773763544999999908e+01,nan
1.477092802000000000e+09,3.028571480000000093e+01,-9.773763544999999908e+01,nan
1.477092802000000000e+09,3.028571480000000093e+01,-9.773763544999999908e+01,nan
1.477092802000000000e+09,3.028571480000000093e+01,-9.773763544999999908e+01,nan
1.477092808000000000e+09,3.028564861999999991e+01,-9.773775363000000027e+01,nan
1.477092808000000000e+09,3.028564861999999991e+01,-9.773775363000000027e+01,nan
1.477092808000000000e+09,3.028564861999999991e+01,-9.773775363000000027e+01,nan
1.477092808000000000e+09,3.028564861999999991e+01,-9.773775363000000027e+01,nan
1.477092808000000000e+09,3.028564861999999991e+01,-9.773775363000000027e+01,nan
1.477092808000000000e+09,3.028564861999999991e+01,-9.773775363000000027e+01,nan
1.477092814000000000e+09,3.028564048000000142e+01,-9.773779901999999709e+01,nan
1.477092814000000000e+09,3.028564048000000142e+01,-9.773779901999999709e+01,nan
1.477092814000000000e+09,3.028564048000000142e+01,-9.773779901999999709e+01,nan
1.477092814000000000e+09,3.028564048000000142e+01,-9.773779901999999709e+01,nan
1.477092814000000000e+09,3.028564048000000142e+01,-9.773779901999999709e+01,nan
1.477092814000000000e+09,3.028564048000000142e+01,-9.773779901999999709e+01,nan
1.477092820000000000e+09,3.028558947999999873e+01,-9.773794164999999623e+01,nan
1.477092820000000000e+09,3.028558947999999873e+01,-9.773794164999999623e+01,nan
1.477092820000000000e+09,3.028558947999999873e+01,-9.773794164999999623e+01,nan
1.477092820000000000e+09,3.028558947999999873e+01,-9.773794164999999623e+01,nan
1.477092820000000000e+09,3.028558947999999873e+01,-9.773794164999999623e+01,nan
1.477092820000000000e+09,3.028558947999999873e+01,-9.773794164999999623e+01,nan
1.477092826000000000e+09,3.028564052000000117e+01,-9.773804552000000001e+01,nan
1.477092826000000000e+09,3.028564052000000117e+01,-9.773804552000000001e+01,nan
1.477092826000000000e+09,3.028564052000000117e+01,-9.773804552000000001e+01,nan
1.477092826000000000e+09,3.028564052000000117e+01,-9.773804552000000001e+01,nan
1.477092826000000000e+09,3.028564052000000117e+01,-9.773804552000000001e+01,nan
1.477092826000000000e+09,3.028564052000000117e+01,-9.773804552000000001e+01,nan
1.477092832000000000e+09,3.028563787999999946e+01,-9.773812700000000575e+01,nan
1.477092832000000000e+09,3.028563787999999946e+01,-9.773812700000000575e+01,nan
1.477092832000000000e+09,3.028563787999999946e+01,-9.773812700000000575e+01,nan
1.477092832000000000e+09,3.028563787999999946e+01,-9.773812700000000575e+01,nan
1.477092832000000000e+09,3.028563787999999946e+01,-9.773812700000000575e+01,nan
1.477092832000000000e+09,3.028563787999999946e+01,-9.773812700000000575e+01,nan
1.477092838000000000e+09,3.028564576000000130e+01,-9.773809565000000532e+01,nan
1.477092838000000000e+09,3.028564576000000130e+01,-9.773809565000000532e+01,nan
1.477092838000000000e+09,3.028564576000000130e+01,-9.773809565000000532e+01,nan
1.477092838000000000e+09,3.028564576000000130e+01,-9.773809565000000532e+01,nan
1.477092838000000000e+09,3.028564576000000130e+01,-9.773809565000000532e+01,nan
1.477092838000000000e+09,3.028564576000000130e+01,-9.773809565000000532e+01,nan
1.477092844000000000e+09,3.028568393000000114e+01,-9.773816087999999525e+01,nan
1.477092844000000000e+09,3.028568393000000114e+01,-9.773816087999999525e+01,nan
1.477092844000000000e+09,3.028568393000000114e+01,-9.773816087999999525e+01,nan
1.477092844000000000e+09,3.028568393000000114e+01,-9.773816087999999525e+01,nan
1.477092844000000000e+09,3.028568393000000114e+01,-9.773816087999999525e+01,nan
1.477092844000000000e+09,3.028568393000000114e+01,-9.773816087999999525e+01,nan
1.477092850000000000e+09,3.028568423999999837e+01,-9.773826653999999792e+01,nan
1.477092850000000000e+09,3.028568423999999837e+01,-9.773826653999999792e+01,nan
1.477092850000000000e+09,3.028568423999999837e+01,-9.773826653999999792e+01,nan
1.477092850000000000e+09,3.028568423999999837e+01,-9.773826653999999792e+01,nan
1.477092850000000000e+09,3.028568423999999837e+01,-9.773826653999999792e+01,nan
1.477092850000000000e+09,3.028568423999999837e+01,-9.773826653999999792e+01,nan
1.477092856000000000e+09,3.028573575000000062e+01,-9.773835938000000567e+01,nan
1.477092856000000000e+09,3.028573575000000062e+01,-9.773835938000000567e+01,nan
1.477092856000000000e+09,3.028573575000000062e+01,-9.773835938000000567e+01,nan
1.477092856000000000e+09,3.028573575000000062e+01,-9.773835938000000567e+01,nan
1.477092856000000000e+09,3.028573575000000062e+01,-9.773835938000000567e+01,nan
1.477092856000000000e+09,3.028573575000000062e+01,-9.773835938000000567e+01,nan
1.477092862000000000e+09,3.028577040000000054e+01,-9.773838652999999965e+01,nan
1.477092862000000000e+09,3.028577040000000054e+01,-9.773838652999999965e+01,nan
1.477092862000000000e+09,3.028577040000000054e+01,-9.773838652999999965e+01,nan
1.477092862000000000e+09,3.028577040000000054e+01,-9.773838652999999965e+01,nan
1.477092862000000000e+09,3.028577040000000054e+01,-9.773838652999999965e+01,nan
1.477092862000000000e+09,3.028577040000000054e+01,-9.773838652999999965e+01,nan
1.477092868000000000e+09,3.028582554999999843e+01,-9.773846992999999372e+01,nan
1.477092868000000000e+09,3.028582554999999843e+01,-9.773846992999999372e+01,nan
1.477092868000000000e+09,3.028582554999999843e+01,-9.773846992999999372e+01,nan
1.477092868000000000e+09,3.028582554999999843e+01,-9.773846992999999372e+01,nan
1.477092868000000000e+09,3.028582554999999843e+01,-9.773846992999999372e+01,nan
1.477092868000000000e+09,3.028582554999999843e+01,-9.773846992999999372e+01,nan
1.477092874000000000e+09,3.028587260000000114e+01,-9.773856868999999392e+01,nan
1.477092874000000000e+09,3.028587260000000114e+01,-9.773856868999999392e+01,nan
1.477092874000000000e+09,3.028587260000000114e+01,-9.773856868999999392e+01,nan
1.477092874000000000e+09,3.028587260000000114e+01,-9.773856868999999392e+01,nan
1.477092874000000000e+09,3.028587260000000114e+01,-9.773856868999999392e+01,nan
1.477092874000000000e+09,3.028587260000000114e+01,-9.773856868999999392e+01,nan
1.477092880000000000e+09,3.028588646000000040e+01,-9.773867061999999351e+01,nan
1.477092880000000000e+09,3.028588646000000040e+01,-9.773867061999999351e+01,nan
1.477092880000000000e+09,3.028588646000000040e+01,-9.773867061999999351e+01,nan
1.477092880000000000e+09,3.028588646000000040e+01,-9.773867061999999351e+01,nan
1.477092880000000000e+09,3.028588646000000040e+01,-9.773867061999999351e+01,nan
1.477092880000000000e+09,3.028588646000000040e+01,-9.773867061999999351e+01,nan
1.477092886000000000e+09,3.028585157999999922e+01,-9.773874784999999576e+01,nan
1.477092886000000000e+09,3.028585157999999922e+01,-9.773874784999999576e+01,nan
1.477092886000000000e+09,3.028585157999999922e+01,-9.773874784999999576e+01,nan
1.477092886000000000e+09,3.028585157999999922e+01,-9.773874784999999576e+01,nan
1.477092886000000000e+09,3.028585157999999922e+01,-9.773874784999999576e+01,nan
1.477092886000000000e+09,3.028585157999999922e+01,-9.773874784999999576e+01,nan
1.477092892000000000e+09,3.028578333000000100e+01,-9.773876436999999839e+01,nan
1.477092892000000000e+09,3.028578333000000100e+01,-9.773876436999999839e+01,nan
1.477092892000000000e+09,3.028578333000000100e+01,-9.773876436999999839e+01,nan
1.477092892000000000e+09,3.028578333000000100e+01,-9.773876436999999839e+01,nan
1.477092892000000000e+09,3.028578333000000100e+01,-9.773876436999999839e+01,nan
1.477092892000000000e+09,3.028578333000000100e+01,-9.773876436999999839e+01,nan
1.477092898000000000e+09,3.028569491000000014e+01,-9.773876104999999370e+01,nan
1.477092898000000000e+09,3.028569491000000014e+01,-9.773876104999999370e+01,nan
1.477092898000000000e+09,3.028569491000000014e+01,-9.773876104999999370e+01,nan
1.477092898000000000e+09,3.028569491000000014e+01,-9.773876104999999370e+01,nan
1.477092898000000000e+09,3.028569491000000014e+01,-9.773876104999999370e+01,nan
1.477092898000000000e+09,3.028569491000000014e+01,-9.773876104999999370e+01,nan
1.477092904000000000e+09,3.028560162999999861e+01,-9.773876450999999577e+01,nan
1.477092904000000000e+09,3.028560162999999861e+01,-9.773876450999999577e+01,nan
1.477092904000000000e+09,3.028560162999999861e+01,-9.773876450999999577e+01,nan
1.477092904000000000e+09,3.028560162999999861e+01,-9.773876450999999577e+01,nan
1.477092904000000000e+09,3.028560162999999861e+01,-9.773876450999999577e+01,nan
1.477092904000000000e+09,3.028560162999999861e+01,-9.773876450999999577e+01,nan
1.477092910000000000e+09,3.028559900999999854e+01,-9.773876543999999456e+01,nan
1.477092910000000000e+09,3.028559900999999854e+01,-9.773876543999999456e+01,nan
1.477092910000000000e+09,3.028559900999999854e+01,-9.773876543999999456e+01,nan
1.477092910000000000e+09,3.028559900999999854e+01,-9.773876543999999456e+01,nan
1.477092910000000000e+09,3.028559900999999854e+01,-9.773876543999999456e+01,nan
1.477092910000000000e+09,3.028559900999999854e+01,-9.773876543999999456e+01,nan
1.477092916000000000e+09,3.028558874999999873e+01,-9.773874777000000336e+01,nan
1.477092916000000000e+09,3.028558874999999873e+01,-9.773874777000000336e+01,nan
1.477092916000000000e+09,3.028558874999999873e+01,-9.773874777000000336e+01,nan
1.477092916000000000e+09,3.028558874999999873e+01,-9.773874777000000336e+01,nan
1.477092916000000000e+09,3.028558874999999873e+01,-9.773874777000000336e+01,nan
1.477092916000000000e+09,3.028558874999999873e+01,-9.773874777000000336e+01,nan
1.477092922000000000e+09,3.028557586000000157e+01,-9.773874256000000571e+01,nan
1.477092922000000000e+09,3.028557586000000157e+01,-9.773874256000000571e+01,nan
1.477092922000000000e+09,3.028557586000000157e+01,-9.773874256000000571e+01,nan
1.477092922000000000e+09,3.028557586000000157e+01,-9.773874256000000571e+01,nan
1.477092922000000000e+09,3.028557586000000157e+01,-9.773874256000000571e+01,nan
1.477092922000000000e+09,3.028557586000000157e+01,-9.773874256000000571e+01,nan
1.477092928000000000e+09,3.028554413999999895e+01,-9.773872366000000511e+01,nan
1.477092928000000000e+09,3.028554413999999895e+01,-9.773872366000000511e+01,nan
1.477092928000000000e+09,3.028554413999999895e+01,-9.773872366000000511e+01,nan
1.477092928000000000e+09,3.028554413999999895e+01,-9.773872366000000511e+01,nan
1.477092928000000000e+09,3.028554413999999895e+01,-9.773872366000000511e+01,nan
1.477092928000000000e+09,3.028554413999999895e+01,-9.773872366000000511e+01,nan
1.477092934000000000e+09,3.028550480999999905e+01,-9.773869279999999549e+01,nan
1.477092934000000000e+09,3.028550480999999905e+01,-9.773869279999999549e+01,nan
1.477092934000000000e+09,3.028550480999999905e+01,-9.773869279999999549e+01,nan
1.477092934000000000e+09,3.028550480999999905e+01,-9.773869279999999549e+01,nan
1.477092934000000000e+09,3.028550480999999905e+01,-9.773869279999999549e+01,nan
1.477092934000000000e+09,3.028550480999999905e+01,-9.773869279999999549e+01,nan
1.477092940000000000e+09,3.028549648999999988e+01,-9.773867842999999311e+01,nan
1.477092940000000000e+09,3.028549648999999988e+01,-9.773867842999999311e+01,nan
1.477092940000000000e+09,3.028549648999999988e+01,-9.773867842999999311e+01,nan
1.477092940000000000e+09,3.028549648999999988e+01,-9.773867842999999311e+01,nan
1.477092940000000000e+09,3.028549648999999988e+01,-9.773867842999999311e+01,nan
1.477092940000000000e+09,3.028549648999999988e+01,-9.773867842999999311e+01,nan
1.477092946000000000e+09,3.028548453000000151e+01,-9.773869098000000122e+01,nan
1.477092946000000000e+09,3.028548453000000151e+01,-9.773869098000000122e+01,nan
1.477092946000000000e+09,3.028548453000000151e+01,-9.773869098000000122e+01,nan
1.477092946000000000e+09,3.028548453000000151e+01,-9.773869098000000122e+01,nan
1.477092946000000000e+09,3.028548453000000151e+01,-9.773869098000000122e+01,nan
1.477092946000000000e+09,3.028548453000000151e+01,-9.773869098000000122e+01,nan
1.477092952000000000e+09,3.028548317999999995e+01,-9.773869216999999310e+01,nan
1.477092952000000000e+09,3.028548317999999995e+01,-9.773869216999999310e+01,nan
1.477092952000000000e+09,3.028548317999999995e+01,-9.773869216999999310e+01,nan
1.477092952000000000e+09,3.028548317999999995e+01,-9.773869216999999310e+01,nan
1.477092952000000000e+09,3.028548317999999995e+01,-9.773869216999999310e+01,nan
1.477092952000000000e+09,3.028548317999999995e+01,-9.773869216999999310e+01,nan
1.477092958000000000e+09,3.028548285999999834e+01,-9.773869202000000200e+01,nan
1.477092958000000000e+09,3.028548285999999834e+01,-9.773869202000000200e+01,nan
1.477092958000000000e+09,3.028548285999999834e+01,-9.773869202000000200e+01,nan
1.477092958000000000e+09,3.028548285999999834e+01,-9.773869202000000200e+01,nan
1.477092958000000000e+09,3.028548285999999834e+01,-9.773869202000000200e+01,nan
1.477092958000000000e+09,3.028548285999999834e+01,-9.773869202000000200e+01,nan
1.477092964000000000e+09,3.028548315999999829e+01,-9.773869247999999743e+01,nan
1.477092964000000000e+09,3.028548315999999829e+01,-9.773869247999999743e+01,nan
1.477092964000000000e+09,3.028548315999999829e+01,-9.773869247999999743e+01,nan
1.477092964000000000e+09,3.028548315999999829e+01,-9.773869247999999743e+01,nan
1.477092964000000000e+09,3.028548315999999829e+01,-9.773869247999999743e+01,nan
1.477092964000000000e+09,3.028548315999999829e+01,-9.773869247999999743e+01,nan
1.477092970000000000e+09,3.028548302000000092e+01,-9.773869258999999943e+01,nan
1.477092970000000000e+09,3.028548302000000092e+01,-9.773869258999999943e+01,nan
1.477092970000000000e+09,3.028548302000000092e+01,-9.773869258999999943e+01,nan
1.477092970000000000e+09,3.028548302000000092e+01,-9.773869258999999943e+01,nan
1.477092970000000000e+09,3.028548302000000092e+01,-9.773869258999999943e+01,nan
1.477092970000000000e+09,3.028548302000000092e+01,-9.773869258999999943e+01,nan
1.477092976000000000e+09,3.028548329999999922e+01,-9.773869247000000371e+01,nan
1.477092976000000000e+09,3.028548329999999922e+01,-9.773869247000000371e+01,nan
1.477092976000000000e+09,3.028548329999999922e+01,-9.773869247000000371e+01,nan
1.477092976000000000e+09,3.028548329999999922e+01,-9.773869247000000371e+01,nan
1.477092976000000000e+09,3.028548329999999922e+01,-9.773869247000000371e+01,nan
1.477092976000000000e+09,3.028548329999999922e+01,-9.773869247000000371e+01,nan
1.477092982000000000e+09,3.028548350999999883e+01,-9.773869301999999948e+01,nan
1.477092982000000000e+09,3.028548350999999883e+01,-9.773869301999999948e+01,nan
1.477092982000000000e+09,3.028548350999999883e+01,-9.773869301999999948e+01,nan
1.477092982000000000e+09,3.028548350999999883e+01,-9.773869301999999948e+01,nan
1.477092982000000000e+09,3.028548350999999883e+01,-9.773869301999999948e+01,nan
1.477092982000000000e+09,3.028548350999999883e+01,-9.773869301999999948e+01,nan
1.477092988000000000e+09,3.028548340000000039e+01,-9.773869313999999520e+01,nan
1.477092988000000000e+09,3.028548340000000039e+01,-9.773869313999999520e+01,nan
1.477092988000000000e+09,3.028548340000000039e+01,-9.773869313999999520e+01,nan
1.477092988000000000e+09,3.028548340000000039e+01,-9.773869313999999520e+01,nan
1.477092988000000000e+09,3.028548340000000039e+01,-9.773869313999999520e+01,nan
1.477092988000000000e+09,3.028548340000000039e+01,-9.773869313999999520e+01,nan
1.477092994000000000e+09,3.028548367000000141e+01,-9.773869310000000610e+01,nan
1.477092994000000000e+09,3.028548367000000141e+01,-9.773869310000000610e+01,nan
1.477092994000000000e+09,3.028548367000000141e+01,-9.773869310000000610e+01,nan
1.477092994000000000e+09,3.028548367000000141e+01,-9.773869310000000610e+01,nan
1.477092994000000000e+09,3.028548367000000141e+01,-9.773869310000000610e+01,nan
1.477092994000000000e+09,3.028548367000000141e+01,-9.773869310000000610e+01,nan
1.477092994000000000e+09,3.028548367000000141e+01,-9.773869310000000610e+01,nan
1.477092994000000000e+09,3.028548367000000141e+01,-9.773869310000000610e+01,nan
1.477092994000000000e+09,3.028548367000000141e+01,-9.773869310000000610e+01,nan
1.477092994000000000e+09,3.028548367000000141e+01,-9.773869310000000610e+01,nan
1.477092994000000000e+09,3.028548367000000141e+01,-9.773869310000000610e+01,nan
1.477092994000000000e+09,3.028548367000000141e+01,-9.773869310000000610e+01,nan
1.477092994000000000e+09,3.028548367000000141e+01,-9.773869310000000610e+01,nan
1.477092994000000000e+09,3.028548367000000141e+01,-9.773869310000000610e+01,nan
1.477092994000000000e+09,3.028548367000000141e+01,-9.773869310000000610e+01,nan
1.477092994000000000e+09,3.028548367000000141e+01,-9.773869310000000610e+01,nan
1.477092994000000000e+09,3.028548367000000141e+01,-9.773869310000000610e+01,nan
1.477092994000000000e+09,3.028548367000000141e+01,-9.773869310000000610e+01,nan
1.477092994000000000e+09,3.028548367000000141e+01,-9.773869310000000610e+01,nan
1.477092994000000000e+09,3.028548367000000141e+01,-9.773869310000000610e+01,nan
1.477092994000000000e+09,3.028548367000000141e+01,-9.773869310000000610e+01,nan
1.477092994000000000e+09,3.028548367000000141e+01,-9.773869310000000610e+01,nan
1.477092994000000000e+09,3.028548367000000141e+01,-9.773869310000000610e+01,nan
1.477092994000000000e+09,3.028548367000000141e+01,-9.773869310000000610e+01,nan
1.477092994000000000e+09,3.028548367000000141e+01,-9.773869310000000610e+01,nan
1.477092994000000000e+09,3.028548367000000141e+01,-9.773869310000000610e+01,nan
1.477092994000000000e+09,3.028548367000000141e+01,-9.773869310000000610e+01,nan
1.477092994000000000e+09,3.028548367000000141e+01,-9.773869310000000610e+01,nan
1.477092994000000000e+09,3.028548367000000141e+01,-9.773869310000000610e+01,nan
1.477092994000000000e+09,3.028548367000000141e+01,-9.773869310000000610e+01,nan
1.477092994000000000e+09,3.028548367000000141e+01,-9.773869310000000610e+01,nan
1.477092994000000000e+09,3.028548367000000141e+01,-9.773869310000000610e+01,nan
1.477092994000000000e+09,3.028548367000000141e+01,-9.773869310000000610e+01,nan
1.477092994000000000e+09,3.028548367000000141e+01,-9.773869310000000610e+01,nan
1.477092994000000000e+09,3.028548367000000141e+01,-9.773869310000000610e+01,nan
1.477093029000000000e+09,3.028544351000000034e+01,-9.773868188000000146e+01,nan
1.477093029000000000e+09,3.028544351000000034e+01,-9.773868188000000146e+01,nan
1.477093029000000000e+09,3.028544351000000034e+01,-9.773868188000000146e+01,nan
1.477093029000000000e+09,3.028544351000000034e+01,-9.773868188000000146e+01,nan
1.477093029000000000e+09,3.028544351000000034e+01,-9.773868188000000146e+01,nan
1.477093029000000000e+09,3.028544351000000034e+01,-9.773868188000000146e+01,nan
1.477093035000000000e+09,3.028544040999999964e+01,-9.773868573000000026e+01,nan
1.477093035000000000e+09,3.028544040999999964e+01,-9.773868573000000026e+01,nan
1.477093035000000000e+09,3.028544040999999964e+01,-9.773868573000000026e+01,nan
1.477093035000000000e+09,3.028544040999999964e+01,-9.773868573000000026e+01,nan
1.477093035000000000e+09,3.028544040999999964e+01,-9.773868573000000026e+01,nan
1.477093035000000000e+09,3.028544040999999964e+01,-9.773868573000000026e+01,nan
1.477093041000000000e+09,3.028544618000000099e+01,-9.773869414000000688e+01,nan
1.477093041000000000e+09,3.028544618000000099e+01,-9.773869414000000688e+01,nan
1.477093041000000000e+09,3.028544618000000099e+01,-9.773869414000000688e+01,nan
1.477093041000000000e+09,3.028544618000000099e+01,-9.773869414000000688e+01,nan
1.477093041000000000e+09,3.028544618000000099e+01,-9.773869414000000688e+01,nan
1.477093041000000000e+09,3.028544618000000099e+01,-9.773869414000000688e+01,nan
1.477093047000000000e+09,3.028538667000000117e+01,-9.773867620000000045e+01,nan
1.477093047000000000e+09,3.028538667000000117e+01,-9.773867620000000045e+01,nan
1.477093047000000000e+09,3.028538667000000117e+01,-9.773867620000000045e+01,nan
1.477093047000000000e+09,3.028538667000000117e+01,-9.773867620000000045e+01,nan
1.477093047000000000e+09,3.028538667000000117e+01,-9.773867620000000045e+01,nan
1.477093047000000000e+09,3.028538667000000117e+01,-9.773867620000000045e+01,nan
1.477093053000000000e+09,3.028526696000000129e+01,-9.773865220999999792e+01,nan
1.477093053000000000e+09,3.028526696000000129e+01,-9.773865220999999792e+01,nan
1.477093053000000000e+09,3.028526696000000129e+01,-9.773865220999999792e+01,nan
1.477093053000000000e+09,3.028526696000000129e+01,-9.773865220999999792e+01,nan
1.477093053000000000e+09,3.028526696000000129e+01,-9.773865220999999792e+01,nan
1.477093053000000000e+09,3.028526696000000129e+01,-9.773865220999999792e+01,nan
1.477093059000000000e+09,3.028517263999999898e+01,-9.773851718000000233e+01,nan
1.477093059000000000e+09,3.028517263999999898e+01,-9.773851718000000233e+01,nan
1.477093059000000000e+09,3.028517263999999898e+01,-9.773851718000000233e+01,nan
1.477093059000000000e+09,3.028517263999999898e+01,-9.773851718000000233e+01,nan
1.477093059000000000e+09,3.028517263999999898e+01,-9.773851718000000233e+01,nan
1.477093059000000000e+09,3.028517263999999898e+01,-9.773851718000000233e+01,nan
1.477093065000000000e+09,3.028511134000000027e+01,-9.773843114000000298e+01,nan
1.477093065000000000e+09,3.028511134000000027e+01,-9.773843114000000298e+01,nan
1.477093065000000000e+09,3.028511134000000027e+01,-9.773843114000000298e+01,nan
1.477093065000000000e+09,3.028511134000000027e+01,-9.773843114000000298e+01,nan
1.477093065000000000e+09,3.028511134000000027e+01,-9.773843114000000298e+01,nan
1.477093065000000000e+09,3.028511134000000027e+01,-9.773843114000000298e+01,nan
1.477093071000000000e+09,3.028503197999999941e+01,-9.773841283999999519e+01,nan
1.477093071000000000e+09,3.028503197999999941e+01,-9.773841283999999519e+01,nan
1.477093071000000000e+09,3.028503197999999941e+01,-9.773841283999999519e+01,nan
1.477093071000000000e+09,3.028503197999999941e+01,-9.773841283999999519e+01,nan
1.477093071000000000e+09,3.028503197999999941e+01,-9.773841283999999519e+01,nan
1.477093071000000000e+09,3.028503197999999941e+01,-9.773841283999999519e+01,nan
1.477093077000000000e+09,3.028495764999999906e+01,-9.773842118999999684e+01,nan
1.477093077000000000e+09,3.028495764999999906e+01,-9.773842118999999684e+01,nan
1.477093077000000000e+09,3.028495764999999906e+01,-9.773842118999999684e+01,nan
1.477093077000000000e+09,3.028495764999999906e+01,-9.773842118999999684e+01,nan
1.477093077000000000e+09,3.028495764999999906e+01,-9.773842118999999684e+01,nan
1.477093077000000000e+09,3.028495764999999906e+01,-9.773842118999999684e+01,nan
1.477093083000000000e+09,3.028487133000000142e+01,-9.773843039999999860e+01,nan
1.477093083000000000e+09,3.028487133000000142e+01,-9.773843039999999860e+01,nan
1.477093083000000000e+09,3.028487133000000142e+01,-9.773843039999999860e+01,nan
1.477093083000000000e+09,3.028487133000000142e+01,-9.773843039999999860e+01,nan
1.477093083000000000e+09,3.028487133000000142e+01,-9.773843039999999860e+01,nan
1.477093083000000000e+09,3.028487133000000142e+01,-9.773843039999999860e+01,nan
1.477093089000000000e+09,3.028475611000000001e+01,-9.773843171999999413e+01,nan
1.477093089000000000e+09,3.028475611000000001e+01,-9.773843171999999413e+01,nan
1.477093089000000000e+09,3.028475611000000001e+01,-9.773843171999999413e+01,nan
1.477093089000000000e+09,3.028475611000000001e+01,-9.773843171999999413e+01,nan
1.477093089000000000e+09,3.028475611000000001e+01,-9.773843171999999413e+01,nan
1.477093089000000000e+09,3.028475611000000001e+01,-9.773843171999999413e+01,nan
1.477093095000000000e+09,3.028466565000000088e+01,-9.773837059000000238e+01,nan
1.477093095000000000e+09,3.028466565000000088e+01,-9.773837059000000238e+01,nan
1.477093095000000000e+09,3.028466565000000088e+01,-9.773837059000000238e+01,nan
1.477093095000000000e+09,3.028466565000000088e+01,-9.773837059000000238e+01,nan
1.477093095000000000e+09,3.028466565000000088e+01,-9.773837059000000238e+01,nan
1.477093095000000000e+09,3.028466565000000088e+01,-9.773837059000000238e+01,nan
1.477093101000000000e+09,3.028461873999999909e+01,-9.773834660999999358e+01,nan
1.477093101000000000e+09,3.028461873999999909e+01,-9.773834660999999358e+01,nan
1.477093101000000000e+09,3.028461873999999909e+01,-9.773834660999999358e+01,nan
1.477093101000000000e+09,3.028461873999999909e+01,-9.773834660999999358e+01,nan
1.477093101000000000e+09,3.028461873999999909e+01,-9.773834660999999358e+01,nan
1.477093101000000000e+09,3.028461873999999909e+01,-9.773834660999999358e+01,nan
1.477093107000000000e+09,3.028454349000000079e+01,-9.773840692000000274e+01,nan
1.477093107000000000e+09,3.028454349000000079e+01,-9.773840692000000274e+01,nan
1.477093107000000000e+09,3.028454349000000079e+01,-9.773840692000000274e+01,nan
1.477093107000000000e+09,3.028454349000000079e+01,-9.773840692000000274e+01,nan
1.477093107000000000e+09,3.028454349000000079e+01,-9.773840692000000274e+01,nan
1.477093107000000000e+09,3.028454349000000079e+01,-9.773840692000000274e+01,nan
1.477093113000000000e+09,3.028451487999999969e+01,-9.773847829999999703e+01,nan
1.477093113000000000e+09,3.028451487999999969e+01,-9.773847829999999703e+01,nan
1.477093113000000000e+09,3.028451487999999969e+01,-9.773847829999999703e+01,nan
1.477093113000000000e+09,3.028451487999999969e+01,-9.773847829999999703e+01,nan
1.477093113000000000e+09,3.028451487999999969e+01,-9.773847829999999703e+01,nan
1.477093113000000000e+09,3.028451487999999969e+01,-9.773847829999999703e+01,nan
1.477093119000000000e+09,3.028438535000000087e+01,-9.773850428999999451e+01,nan
1.477093119000000000e+09,3.028438535000000087e+01,-9.773850428999999451e+01,nan
1.477093119000000000e+09,3.028438535000000087e+01,-9.773850428999999451e+01,nan
1.477093119000000000e+09,3.028438535000000087e+01,-9.773850428999999451e+01,nan
1.477093119000000000e+09,3.028438535000000087e+01,-9.773850428999999451e+01,nan
1.477093119000000000e+09,3.028438535000000087e+01,-9.773850428999999451e+01,nan
1.477093125000000000e+09,3.028433726000000092e+01,-9.773859434999999962e+01,nan
1.477093125000000000e+09,3.028433726000000092e+01,-9.773859434999999962e+01,nan
1.477093125000000000e+09,3.028433726000000092e+01,-9.773859434999999962e+01,nan
1.477093125000000000e+09,3.028433726000000092e+01,-9.773859434999999962e+01,nan
1.477093125000000000e+09,3.028433726000000092e+01,-9.773859434999999962e+01,nan
1.477093125000000000e+09,3.028433726000000092e+01,-9.773859434999999962e+01,nan
1.477093131000000000e+09,3.028422481000000133e+01,-9.773860602999999969e+01,nan
1.477093131000000000e+09,3.028422481000000133e+01,-9.773860602999999969e+01,nan
1.477093131000000000e+09,3.028422481000000133e+01,-9.773860602999999969e+01,nan
1.477093131000000000e+09,3.028422481000000133e+01,-9.773860602999999969e+01,nan
1.477093131000000000e+09,3.028422481000000133e+01,-9.773860602999999969e+01,nan
1.477093131000000000e+09,3.028422481000000133e+01,-9.773860602999999969e+01,nan
1.477093137000000000e+09,3.028416088999999900e+01,-9.773860405000000640e+01,nan
1.477093137000000000e+09,3.028416088999999900e+01,-9.773860405000000640e+01,nan
1.477093137000000000e+09,3.028416088999999900e+01,-9.773860405000000640e+01,nan
1.477093137000000000e+09,3.028416088999999900e+01,-9.773860405000000640e+01,nan
1.477093137000000000e+09,3.028416088999999900e+01,-9.773860405000000640e+01,nan
1.477093137000000000e+09,3.028416088999999900e+01,-9.773860405000000640e+01,nan
1.477093143000000000e+09,3.028403246999999965e+01,-9.773857051999999612e+01,nan
1.477093143000000000e+09,3.028403246999999965e+01,-9.773857051999999612e+01,nan
1.477093143000000000e+09,3.028403246999999965e+01,-9.773857051999999612e+01,nan
1.477093143000000000e+09,3.028403246999999965e+01,-9.773857051999999612e+01,nan
1.477093143000000000e+09,3.028403246999999965e+01,-9.773857051999999612e+01,nan
1.477093143000000000e+09,3.028403246999999965e+01,-9.773857051999999612e+01,nan
1.477093149000000000e+09,3.028397868000000059e+01,-9.773864518999999973e+01,nan
1.477093149000000000e+09,3.028397868000000059e+01,-9.773864518999999973e+01,nan
1.477093149000000000e+09,3.028397868000000059e+01,-9.773864518999999973e+01,nan
1.477093149000000000e+09,3.028397868000000059e+01,-9.773864518999999973e+01,nan
1.477093149000000000e+09,3.028397868000000059e+01,-9.773864518999999973e+01,nan
1.477093149000000000e+09,3.028397868000000059e+01,-9.773864518999999973e+01,nan
1.477093155000000000e+09,3.028389590000000098e+01,-9.773867807999999968e+01,nan
1.477093155000000000e+09,3.028389590000000098e+01,-9.773867807999999968e+01,nan
1.477093155000000000e+09,3.028389590000000098e+01,-9.773867807999999968e+01,nan
1.477093155000000000e+09,3.028389590000000098e+01,-9.773867807999999968e+01,nan
1.477093155000000000e+09,3.028389590000000098e+01,-9.773867807999999968e+01,nan
1.477093155000000000e+09,3.028389590000000098e+01,-9.773867807999999968e+01,nan
1.477093161000000000e+09,3.028381020000000134e+01,-9.773863283000000024e+01,nan
1.477093161000000000e+09,3.028381020000000134e+01,-9.773863283000000024e+01,nan
1.477093161000000000e+09,3.028381020000000134e+01,-9.773863283000000024e+01,nan
1.477093161000000000e+09,3.028381020000000134e+01,-9.773863283000000024e+01,nan
1.477093161000000000e+09,3.028381020000000134e+01,-9.773863283000000024e+01,nan
1.477093161000000000e+09,3.028381020000000134e+01,-9.773863283000000024e+01,nan
1.477093167000000000e+09,3.028376210000000057e+01,-9.773863384999999937e+01,nan
1.477093167000000000e+09,3.028376210000000057e+01,-9.773863384999999937e+01,nan
1.477093167000000000e+09,3.028376210000000057e+01,-9.773863384999999937e+01,nan
1.477093167000000000e+09,3.028376210000000057e+01,-9.773863384999999937e+01,nan
1.477093167000000000e+09,3.028376210000000057e+01,-9.773863384999999937e+01,nan
1.477093167000000000e+09,3.028376210000000057e+01,-9.773863384999999937e+01,nan
1.477093173000000000e+09,3.028370727000000073e+01,-9.773857950000000017e+01,nan
1.477093173000000000e+09,3.028370727000000073e+01,-9.773857950000000017e+01,nan
1.477093173000000000e+09,3.028370727000000073e+01,-9.773857950000000017e+01,nan
1.477093173000000000e+09,3.028370727000000073e+01,-9.773857950000000017e+01,nan
1.477093173000000000e+09,3.028370727000000073e+01,-9.773857950000000017e+01,nan
1.477093173000000000e+09,3.028370727000000073e+01,-9.773857950000000017e+01,nan
1.477093179000000000e+09,3.028370612999999878e+01,-9.773848368999999536e+01,nan
1.477093179000000000e+09,3.028370612999999878e+01,-9.773848368999999536e+01,nan
1.477093179000000000e+09,3.028370612999999878e+01,-9.773848368999999536e+01,nan
1.477093179000000000e+09,3.028370612999999878e+01,-9.773848368999999536e+01,nan
1.477093179000000000e+09,3.028370612999999878e+01,-9.773848368999999536e+01,nan
1.477093179000000000e+09,3.028370612999999878e+01,-9.773848368999999536e+01,nan
1.477093185000000000e+09,3.028356443999999925e+01,-9.773840751999999554e+01,nan
1.477093185000000000e+09,3.028356443999999925e+01,-9.773840751999999554e+01,nan
1.477093185000000000e+09,3.028356443999999925e+01,-9.773840751999999554e+01,nan
1.477093185000000000e+09,3.028356443999999925e+01,-9.773840751999999554e+01,nan
1.477093185000000000e+09,3.028356443999999925e+01,-9.773840751999999554e+01,nan
1.477093185000000000e+09,3.028356443999999925e+01,-9.773840751999999554e+01,nan
1.477093191000000000e+09,3.028344247000000067e+01,-9.773834806000000697e+01,nan
1.477093191000000000e+09,3.028344247000000067e+01,-9.773834806000000697e+01,nan
1.477093191000000000e+09,3.028344247000000067e+01,-9.773834806000000697e+01,nan
1.477093191000000000e+09,3.028344247000000067e+01,-9.773834806000000697e+01,nan
1.477093191000000000e+09,3.028344247000000067e+01,-9.773834806000000697e+01,nan
1.477093191000000000e+09,3.028344247000000067e+01,-9.773834806000000697e+01,nan
